Region,Zone,District,match_0,match_1,match_2,match_3,match_4,match_5,match_6,match_7,match_8,match_9,match_10,match_11,match_12,match_13
Addis Ababa,,Addis Ketema,Addis Ketema,Addis Ketema,addis ketema kifle ketema,Addis Ketema Kifle Ketema,Addis Ketema Operational Woreda Health Office,,,,,,,,,
Addis Ababa,,Akaki,Akaki,Akaki,akaki kality kifle ketema,Akaki Kality Kifle Ketema,,,,,,,,,,
Addis Ababa,,Arada,Arada,Arada,arada kifle ketema,Arada Kifle Ketema,,,,,,,,,,
Addis Ababa,,Bole,Bole,Bole,Bole Kifle Ketema,bolle,,,,,,,,,,
Addis Ababa,,Gulelle,Gulelle,Gulelle,Gulele Kifle Ketema,gulele kifle ketema,gulelie,gulelle,,,,,,,,
Addis Ababa,,Kirkos,Kirkos,Kirkos,Cherkos kifle ketema,,,,,,,,,,,
Addis Ababa,,Kolfe,Kolfe,Kolfe,Kolfe Keraniyo Kefle Ketema,kolfe - keran,kolfe youth centre,kolfie keranio,,,,,,,,
Addis Ababa,,Lideta,Lideta,Lideta,Lideta Kifle Ketema,lideta kifle ketema,,,,,,,,,,
Addis Ababa,,Nifas Silk,Nifas Silk,Nifas Silk,Nefas Silk Lafto Kefle Ketema,nefas silk lafto kefle ketema,nifase silk lafto,nifas silk,,,,,,,,
Addis Ababa,,Yeka,Yeka,Yeka,Yeka Kifle Ketema,,,,,,,,,,,
Afar,,Abaala,Abaala,Abaala,abaala,Abala Woreda,,,,,,,,,,
Afar,,Adaar,Adaar,Adaar,adaar,Adaar Woreda,adar,adara hospital,,,,,,,,
Afar,,Afambo,Afambo,Afambo,Afambo Woreda,,,,,,,,,,,
Afar,,Afdera,Afdera,Afdera,Afdera Woreda,,,,,,,,,,,
Afar,,Amibera,Amibera,Amibera,Amibara Woreda,amibera,,,,,,,,,,
Afar,,Aregoba,Aregoba,Aregoba,Argoba Liyu Woreda,argoba special,,,,,,,,,,
Afar,,Awash Fentale,Awash Fentale,Awash Fentale,Awash Fentale Woreda,,,,,,,,,,,
Afar,,Awash Town,Awash Town,Awash Town,Awash town admin Woreda,awash town,awash city,,,,,,,,,
Afar,,Awera,Awera,Awera,awra,awera,Awura Woreda,,,,,,,,,
Afar,,Ayesaita,Ayesaita,Ayesaita,asayita,ayesaita,aysaeta,aysaita,ayssaita,Ayssaita Woreda,,,,,,
Afar,,Berahle,Berahle,Berahle,Berhale Woreda,berahle,berahile,,,,,,,,,
Afar,,Bidu,Bidu,Bidu,bidu,bidu Woreda,,,,,,,,,,
Afar,,Chifra,Chifra,Chifra,chifra,Chefera woreda,,,,,,,,,,
Afar,,Dalifage,Dalifage,Dalifage,dalifage,dalifaghe,Dalifaghe Woreda,dalifagi hospital,,,,,,,,
Afar,,Dallol,Dallol,Dallol,dallol,Dalol Woreda,dalul,,,,,,,,,
Afar,,Dewe,Dewe,Dewe,Dewe Woreda,,,,,,,,,,,
Afar,,Dubti,Dubti,Dubti,Dubti Woreda,dubti hospital,,,,,,,,,,
Afar,,Dulecha,Dulecha,Dulecha,Dulecha Woreda,dulacha,dulech,,,,,,,,,
Afar,,Elidar,Elidar,Elidar,Elidar Woreda,,,,,,,,,,,
Afar,,Erbti,Erbti,Erbti,Erebti Woreda,erbti,,,,,,,,,,
Afar,,Ewa,Ewa,Ewa,Ewa Woreda,,,,,,,,,,,
Afar,,Gelealu,Gelealu,Gelealu,gelealu,buremodaytu,Buremodaytu Woreda,,,,,,,,,
Afar,,Gewane,Gewane,Gewane,Gewane Woreda,,,,,,,,,,,
Afar,,Gulina,Gulina,Gulina,Gulina Woreda,gulina,,,,,,,,,,
Afar,,Hadeleala,Hadeleala,Hadeleala,hadele ele,hadelela,Fursi woreda,,,,,,,,,
Afar,,Koneba,Koneba,Koneba,Koneba Woreda,koneba,,,,,,,,,,
Afar,,Kori,Kori,Kori,kori Woreda,kurri,,,,,,,,,,
Afar,,Megale,Megale,Megale,Megale Woreda,megalle,,,,,,,,,,
Afar,,Mille,Mille,Mille,Mile Woreda,mille,,,,,,,,,,
Afar,,Samara- Logiya,Samara- Logiya,Samara Logiya,samara logiya,Semera_logia town admin woreda,,,,,,,,,,
Afar,,Samurobi,Samurobi,Samurobi,Semurobi Woreda,semirobi,samurobi,simurobi gele'alo,sumu robi,,,,,,,
Afar,,Telalak,Telalak,Telalak,Telalak Woreda,,,,,,,,,,,
Afar,,Teru,Teru,Teru,Teru Woreda,,,,,,,,,,,
Afar,,Yallo,Yallo,Yallo,Yalo Woreda,yallo,,,,,,,,,,
Amhara,Awi,Ankesha,Ankesha,Ankesha,Ankasha Guagusa Woreda,ankesha,ankesha guagusa,,,,,,,,,
Amhara,Awi,Banja,Banja,Banja,banja,Banja Shekudad Woreda,banja shikudad,,,,,,,,,
Amhara,Awi,Chagni,Chagni,Chagni,chagni,chagni town,Chagni Town Woreda,,,,,,,,,
Amhara,Awi,Dangila T,Dangila Town,Dangila T,dangila,dangila t,dangila town,dangla town,Dangla Town Woreda,dengila town,,,,,,
Amhara,Awi,Dangila W,Dangila W,Dangila W,dangila w,Dangila Woreda,dangla zuria,,,,,,,,,
Amhara,Awi,Fagita,Fagita,Fagita,Fagita Lekoma Woreda,fagita,,,,,,,,,,
Amhara,Awi,Guagusa,Guagusa,Guagusa,Guagusa Shikuda Woreda,guagusa,guagusa shikudad,,,,,,,,,
Amhara,Awi,Guangua,Guangua,Guangua,Guangua Woreda,,,,,,,,,,,
Amhara,Awi,Injibara,Injibara,Injibara,Injibara Town Woreda,injebra,injibara,injibara town,,,,,,,,
Amhara,Awi,Jawi,Jawi,Jawi,Jawi Woreda,,,,,,,,,,,
Amhara,Awi,Zigem,Zigem,Zigem,Zigem Town Woreda,zigem,,,,,,,,,,
Amhara,East Gojam,Aneded,Aneded,Aneded,aneded,Aneded Woreda,,,,,,,,,,
Amhara,East Gojam,Awabel,Awabel,Awabel,awabel,Awabel Woreda,,,,,,,,,,
Amhara,East Gojam,Bassoliben,Bassoliben,Bassoliben,baso liben,Baso Liben Woreda,basoliben,bassoliben,,,,,,,,
Amhara,East Gojam,Bibugn,Bibugn,Bibugn,bibugn,Bibugn Woreda,,,,,,,,,,
Amhara,East Gojam,Debaytilatgin,Debaytilatgin,Debaytilatgin,Debay Tilatgin Woreda,debay tilatgen,debay tilatgen,debay tilatgin,debaytilatgin,,,,,,,
Amhara,East Gojam,Debre Elias,Debre Elias,Debre Elias,Debre Elias Woreda,debre elias,,,,,,,,,,
Amhara,East Gojam,Debremarkos,Debremarkos,Debremarkos,Debere Markos Town Woreda,debre markos hospital,debremarkos town,debremarkos,,,,,,,,
Amhara,East Gojam,Dejen,Dejen,Dejen,Dejen Woreda,dejen,,,,,,,,,,
Amhara,East Gojam,Enarji,Enarj Enawga,Enarji,Enarj Enawga Woreda,enarji,enarj enawga,enarj enawga,enarje enawuga,,,,,,,
Amhara,East Gojam,Enebsisarmidir,Enebsisarmidir,Enebsisarmidir,Enebse Sar Midir Woreda,enebsisarmidir,enebsie sarmeder,enebse sar midir,enebse sar midir,,,,,,,
Amhara,East Gojam,Enemay,Enemay,Enemay,Enemay Woreda,enemay,,,,,,,,,,
Amhara,East Gojam,Goncha,Goncha,Goncha,Goncha Siso Enese Woreda,goncha,goncha siso enese,goncha/gonji kolele,gonchasieso enesie,,,,,,,
Amhara,East Gojam,Gozamen,Gozamen,Gozamin Woreda,gozamen,gozamin,guzamn,,,,,,,,,
Amhara,East Gojam,Hulet Eju,Hulet Eju Enese,Hulet Eju,Hulet Eju Enese Woreda,hulet ej enese,hulet eju,hulet eju enese,huletejuenesie,,,,,,,
Amhara,East Gojam,Machakel,Machakel,Machakel,Machakel Woreda,,,,,,,,,,,
Amhara,East Gojam,Motta,Motta,Motta,Mota Town Woreda,mota town,motta town,motta,motta hospital,,,,,,,
Amhara,East Gojam,shebel Berenta,shebel Berenta,shebel Berenta,Shebel Berenta Woreda,shebel berenta,,,,,,,,,,
Amhara,East Gojam,Sinan,Sinan,Sinan,Sinan Woreda,sinan,sinana,Sinana Woreda,,,,,,,,
Amhara,North Gondar,Adiarkay,Adiarkay,adiarkay,adi arkay,Adi Arkay Woreda,,,,,,,,,,
Amhara,North Gondar,Alefa,Alefa,Alefa Woreda,,,,,,,,,,,,
Amhara,North Gondar,Beyeda,Beyeda,Beyeda Woreda,,,,,,,,,,,,
Amhara,North Gondar,chilga,Chilga,Chilga Woreda,,,,,,,,,,,,
Amhara,North Gondar,Dabat,Dabat,Dabat Woreda,,,,,,,,,,,,
Amhara,North Gondar,Debark,Debark Town,Debark Woreda,debark town,,,,,,,,,,,
Amhara,North Gondar,Debark Zuria,Debark Zuria,Debark Zuria Woreda,debark zuria,,,,,,,,,,,
Amhara,North Gondar,Dembia,Dembia,Dembia Woreda,,,,,,,,,,,,
Amhara,North Gondar,Gendeewuha,Gendeewuha,Gendewuha Town Woreda,gendawuha,gendawuha town,gendeewuha,,,,,,,,,
Amhara,North Gondar,Gondar city,Gondar city,,gondar,gondar city,gonder town,,,,,,,,,
Amhara,North Gondar,Gondar Zuria,Gondar Zuria,Gondar Zuriya Woreda,gondar zuria,,,,,,,,,,,
Amhara,North Gondar,Janamora,Janamora,Janamora Woreda,janamora,,,,,,,,,,,
Amhara,North Gondar,Lay Armachiho,Lay Armachiho,Lay Armacho Woreda,lay armacho,lay armachoho,lay armachiho,,,,,,,,,
Amhara,North Gondar,Metema,Metema,Metema Woreda,,,,,,,,,,,,
Amhara,North Gondar,Miisrak Belesa,Miisrak Belesa,Misrak Belesa Woreda,miisrak belesa,Misrak este woreda,,,,,,,,,,
Amhara,North Gondar,Mirab Armachiho,Mirab Armachiho,Mirab Armachiho Woreda,mirab armachiho,,,,,,,,,,,
Amhara,North Gondar,Mirab Belesa,Mirab Belesa,Mirab Belesa Woreda,merab belsa,mirab belesa,Mirab esta woreda,,,,,,,,,
Amhara,North Gondar,Quara,Quara,Quara Woreda,quara,,,,,,,,,,,
Amhara,North Gondar,Tach Armachiho,Tach Armachiho,Tach Armacho Woreda,tach armachiho,tach armachoho,,,,,,,,,,
Amhara,North Gondar,Takusa,Takusa,Takusa Woreda,,,,,,,,,,,,
Amhara,North Gondar,Tegedae,Tegedae,Tegede Woreda,tegedae,,,,,,,,,,,
Amhara,North Gondar,Telemt,Telemt,telemt,,,,,,,,,,,,
Amhara,North Gondar,Wogera,Wogera,Wegera Woreda,wogera,,,,,,,,,,,
Amhara,North Shoa,Angolelanatera,Angolelanatera,Angolelanatera,angolala tera,Angolala Tera Woreda,angolelna tera,angolelanatera,,,,,,,,
Amhara,North Shoa,Ankober,Ankober,Ankober,Ankober Woreda,,,,,,,,,,,
Amhara,North Shoa,Antsokiagemza,Antsokiagemza,Antsokiagemza,antsokiagemza,antsokiyana gemza,Antsokiyana Gemza Woreda,,,,,,,,,
Amhara,North Shoa,Asagirt,Asagirt,Asagirt,asagirt,Asagirt Woreda,assagirt,,,,,,,,,
Amhara,North Shoa,Basonaworana,Basonaworana,Basonaworana,baso naworana,basonaworana,Basona Werana Woreda,,,,,,,,,
Amhara,North Shoa,Berehet,Berehet,Berehet,Berehet Woreda,berreh,,,,,,,,,,
Amhara,North Shoa,Debirebirihantawon,Debirebirihantawon,Debire Birihantawon,Debrebrehan Town Woreda,debrebrehan hospital,debire birihantawon,debirebirhan,debre berhan town,,,,,,,
Amhara,North Shoa,Efratagidim,Efratagidim,Efratagidim,Efratana Gidim Woreda,efratana gidim,efrata gidim,efratagidim,elfeta,elfata,efratanagidem,elfata woreda,,,,
Amhara,North Shoa,Ensaro,Ensaro,Ensaro,Ensaro Woreda,ensaro,,,,,,,,,,
Amhara,North Shoa,Gisherabel,Gisherabel,Gisherabel,Gishe Woreda,gisherabel,gishe,,,,,,,,,
Amhara,North Shoa,Hageremariam,Hageremariam,Hageremariam,Hagere Mariam Kesem Woreda,hagere mariam kesem,hageremariam,,,,,,,,,
Amhara,North Shoa,Kewet,Kewet,Kewet,Kewet Woreda,kewot,,,,,,,,,,
Amhara,North Shoa,Menz Keyamidir,Menz Keyamidir,Menz Keyamidir,Menz Keya Gebreal Woreda,menz keya gebreal,menzkeya,menz keyamidir,,,,,,,,
Amhara,North Shoa,Menzgeramidir,Menzgeramidir,Menzgeramidir,Menz Gera Midir Woreda,menz gera midir,menz gera midir,menzgeramidir,menzgera,,,,,,,
Amhara,North Shoa,Menzlalomidir,Menzlalomidir,Menzlalomidir,Menz Lalo Midir Woreda,menz lalo midir,menz lalo midir,menzlalomidir,menzlallo,,,,,,,
Amhara,North Shoa,Menzmamamidir,Menzmamamidir,Menzmamamidir,Menz Mama Midir Woreda,menz mama midir,menzmamamidir,menzmamma,,,,,,,,
Amhara,North Shoa,Merhabete,Merhabete,Merhabete,Merhabete Woreda,,,,,,,,,,,
Amhara,North Shoa,Midaworemo,Midaworemo,Midaworemo,Mida Woremo Woreda,midaworemo,mida woremo,mida woromo,,,,,,,,
Amhara,North Shoa,Minjar,Minjar,Minjar,Minjar Woreda,minjar,minjarshenkora,,,,,,,,,
Amhara,North Shoa,Mojanawodera,Mojanawodera,Mojanawodera,Mojana Woreda,mojanawodera,mojana waderea,mojana,,,,,,,,
Amhara,North Shoa,Moretinajiru,Moretinajiru,Moretinajiru,Moretna Juru Woreda,moretna jiru,moretinajiru,moretnajiru,,,,,,,,
Amhara,North Shoa,Shewarobitt tawon,Shewarobitt Town,Shewarobitt Tawon,Shewarobit Town Woreda,shewarobitt tawon,shewarobit,,,,,,,,,
Amhara,North Shoa,Siadebirinawayu,Siadebirinawayu,Siadebirinawayu,siadebirinawayu,saya deberna wayu woreda,,,,,,,,,,
Amhara,North Shoa,Tarmaber,Tarmaber,Tarmaber,Tarma Ber Woreda,tarmaber,,,,,,,,,,
Amhara,North Wollo,Bugna,Bugna,Bugna,Bugna Woreda,,,,,,,,,,,
Amhara,North Wollo,Dawunt,Dawunt,Dawunt,Dawnt Woreda,dawnt,,,,,,,,,,
Amhara,North Wollo,Gidan,Gidan,Gidan,Gidan Woreda,,,,,,,,,,,
Amhara,North Wollo,Gubalafto,Gubalafto,Gubalafto,Gubalafto Woreda,gubalafto,,,,,,,,,,
Amhara,North Wollo,Habiru,Habiru,Habiru,Habru Woreda,habiru,,,,,,,,,,
Amhara,North Wollo,Kobo T,Kobo Town,Kobo T,Kobo Town Woreda,kobo town,kobo t,,,,,,,,,
Amhara,North Wollo,Lalibela T,Lalibela Town,Lalibela T,Lalibela Town Woreda,lalibela town,lalibela t,lalibella town,lalibela,,,,,,,
Amhara,North Wollo,Lasta,Lasta,Lasta,Lasta Woreda,,,,,,,,,,,
Amhara,North Wollo,Meket,Meket,Meket,Meket Woreda,,,,,,,,,,,
Amhara,North Wollo,Raya Kobo,Raya Kobo,Raya Kobo,Raya Kobo Woreda,raya kobo,,,,,,,,,,
Amhara,North Wollo,Wadila,Wadila,Wadila,Wadla Woreda,wadlla,wadila,,,,,,,,,
Amhara,North Wollo,Woldiya,Woldiya,Woldiya,Woldia Town Woreda,woldiya,woldiya town,woldia,,,,,,,,
Amhara,Oromia,Artuma Fursi,Artuma Fursi,Artuma Fursi,Artuma Fursi Woreda,,,,,,,,,,,
Amhara,Oromia,Bati Town,Bati Town,Bati Town,bati town,,,,,,,,,,,
Amhara,Oromia,Bati woreda,Bati woreda,Bati woreda,Bati Woreda,bati woreda,bati,bati rural,Bate Zuria Woreda,,,,,,,
Amhara,Oromia,Dawe Harwa,Dawe Harwa,Dawe Harwa,Dewi Harewa Woreda,dewi harewa,dewe harwa,dawe harewa,dawe harwa,,,,,,,
Amhara,Oromia,Dewa chefa,Dewa chefa,Dewa chefa,Dawa Chefa Woreda,dewe chefa,dewa chefa,,,,,,,,,
Amhara,Oromia,Jille Timuga,Jille Timuga,Jille Timuga,Jile Timuga Woreda,jille timuga,,,,,,,,,,
Amhara,Oromia,Kemissie Town,Kemissie Town,Kemissie Town,Kemise Town Woreda,kemissie,kemissie town,kemisie town,,,,,,,,
Amhara,South Gondar,Andabet,Andabet,Andabet,andabet,,,,,,,,,,,
Amhara,South Gondar,Debretabor,Debretabor,Debretabor,debre tabor,debre tabor town,debre tabour,Debretabor Town Woreda,debretabor hospital,,,,,,,
Amhara,South Gondar,Dera,Dera,Dera,Dera Woreda,,,,,,,,,,,
Amhara,South Gondar,Ebinat,Ebinat,Ebinat,Ebinat Woreda,,,,,,,,,,,
Amhara,South Gondar,Estie,Estie,Estie,estie,estea,east esite,merab este,,,,,,,,
Amhara,South Gondar,Farta,Farta,Farta,Farta Woreda,,,,,,,,,,,
Amhara,South Gondar,Fogera,Fogera,Fogera,Fogera Woreda,,,,,,,,,,,
Amhara,South Gondar,LayGayint,LayGayint,LayGayint,Lay Gayint Woreda,lay gaint,laygayint,,,,,,,,,
Amhara,South Gondar,Libo kemkem,Libo kemkem,Libo kemkem,Libokemkem Woreda,libo kemkem,lobo kemkem,,,,,,,,,
Amhara,South Gondar,Simada,Simada,Simada,Simada Woreda,,,,,,,,,,,
Amhara,South Gondar,Tach Gaint,Tach Gaint,Tach Gaint,Tach Gayint Woreda,tach gaint,,,,,,,,,,
Amhara,South Gondar,Woreta,Woreta,Woreta,Woreta Woreda,woreta,woreta town,,,,,,,,,
Amhara,South Wolo,Albuko,Albuko,Albuko,albuko,Albuko Woreda,,,,,,,,,,
Amhara,South Wolo,Ambasel,Ambasel,Ambasel,Ambasel Woreda,ambassel,,,,,,,,,,
Amhara,South Wolo,Aregoba,Aregoba,Aregoba,Argoba Woreda,aregoba,,,,,,,,,,
Amhara,South Wolo,Borena,Borena,Borena,borena,Borena Woreda,,,,,,,,,,
Amhara,South Wolo,D/zuryia,Dessie zuryia,D zuryia,d zuryia,Dessie Zuriya,Dese Zuriya Woreda,dessie zuria,desie z.,,,,,,,
Amhara,South Wolo,Delanta,Delanta,Delanta,Delanta Woreda,delanta,,,,,,,,,,
Amhara,South Wolo,Dessie Town,Dessie City,Dessie Town,dessie,dessie town,,,,,,,,,,
Amhara,South Wolo,Jamma,Jamma,Jamma,Jama Woreda,jamma,,,,,,,,,,
Amhara,South Wolo,Kalu,Kalu,Kalu,Kalu Woreda,kallu,,,,,,,,,,
Amhara,South Wolo,Kelala,Kelala,Kelala,Kelela Woreda,kelela,kelalla,,,,,,,,,
Amhara,South Wolo,Komebelcha,Komebelcha,Komebelcha,komebelcha,,,,,,,,,,,
Amhara,South Wolo,Kutaber,Kutaber,Kutaber,Kutaber Woreda,,,,,,,,,,,
Amhara,South Wolo,Legambo,Legambo,Legambo,Legambo Woreda,legambo,lagambo,,,,,,,,,
Amhara,South Wolo,Leghida,Leghida,Leghida,Lega Hidha Woreda,lega hidha,Legahida Woreda,leghida,lege hida,legahida,,,,,,
Amhara,South Wolo,M/Saint,Mehal Saint,M Saint,m saint,m/ sayint,Mehal sayint woreda,,,,,,,,,
Amhara,South Wolo,Mekdela,Mekdela,Mekdela,Mekdela Woreda,,,,,,,,,,,
Amhara,South Wolo,Saint,Saint,Saint,Sayint Woreda,sayint,saint,,,,,,,,,
Amhara,South Wolo,Tehuldere,Tehuldere,Tehuldere,Tehuledere Woreda,tehuldere,,,,,,,,,,
Amhara,South Wolo,Tenta,Tenta,Tenta,Tenta Woreda,,,,,,,,,,,
Amhara,South Wolo,Wogdi,Wogdi,Wogdi,Wogidi Woreda,wogdi,wegidi,wegdi,wegdy,,,,,,,
Amhara,South Wolo,Worebabo,Worebabo,Worebabo,Werebabo Woreda,werebabu,worebabo,worebabu,,,,,,,,
Amhara,South Wolo,Worilu,Worilu,Worilu,Were Ilu Woreda,wereilu,were ilu,worilu,,,,,,,,
Amhara,WagHimra,Abergele,Abergele,Abergele,aberegele,Abergele Woreda,,,,,,,,,,
Amhara,WagHimra,Dehana,Dehana,Dehana,Dehana Woreda,dehana,,,,,,,,,,
Amhara,WagHimra,Gazgibla,Gazgibla,Gazgibla,Gazgibla Woreda,gazgibla,,,,,,,,,,
Amhara,WagHimra,sehala,Sehala,sehala,Sehala Woreda,sehala,,,,,,,,,,
Amhara,WagHimra,Sekota town,Sekota Town,Sekota town,Sekota Town Woreda,sekota,,,,,,,,,,
Amhara,WagHimra,Sekota woreda,Sekota Woreda,Sekota woreda,Sekota Woreda,sekota woreda,sekota zuriya,,,,,,,,,
Amhara,WagHimra,Ziquala,Ziquala,Ziquala,Ziquala Woreda,ziquala,,,,,,,,,,
Amhara,West Gojam,Bahir Dar,Bahir Dar,Bahir Dar,bahirdar special,bahir dar,bahirdar,bahar dar model clinic,bahrdar special,bahir dar town,,,,,,
Amhara,West Gojam,Bahir Dar zuria,Bahir Dar zuria,Bahir Dar zuria,Bahir Dar Zuriya Woreda,bahi-dar zurya,bahir dar zuria,bahrdar zuria,bahri dar zuria,,,,,,,
Amhara,West Gojam,Burie Town,Burie Town,Burie Town,burie town,Burie ketema town woreda,,,,,,,,,,
Amhara,West Gojam,Burie zuria,Burie zuria,Burie zuria,bure zuria,Bure Zuria Woreda,burie zuria,,,,,,,,,
Amhara,West Gojam,Debub Achefre,Debub Achefre,Debub Achefre,Debub Achefer Woreda,debub achefre,debub achefer,debub achefer,,,,,,,,
Amhara,West Gojam,Dega Damot,Dega Damot,Dega Damot,Dega Damot Woreda,dega damot,,,,,,,,,,
Amhara,West Gojam,Dembecha,Dembecha,Dembecha,Dembecha Woreda,demibecha,demibecha,,,,,,,,,
Amhara,West Gojam,Finot Selam Town,Finot Selam Town,Finot Selam Town,Finote Selam Town Woreda,finot selam town,finote selam,finote selam hospital,,,,,,,,
Amhara,West Gojam,Gonji Kolela,Gonji Kolela,Gonji Kolela,Gonge Kolela Woreda,gonge kolela,gongi kolela,,,,,,,,,
Amhara,West Gojam,Jabi Tehinan,Jabi Tehinan,Jabi Tehinan,Jabi Tehinan Woreda,jabi tehnan,jabi tehinan,,,,,,,,,
Amhara,West Gojam,Mecha,Mecha,Mecha,Mecha Woreda,mecha,,,,,,,,,,
Amhara,West Gojam,Quarit,Quarit,Quarit,Quarit Woreda,quarit,,,,,,,,,,
Amhara,West Gojam,Sekela,Sekela,Sekela,Sekela Woreda,sekala,sekela,,,,,,,,,
Amhara,West Gojam,Semen Achefer,Semen Achefer,Semen Achefer,Semen Achefer Woreda,semen achefer,semen achefer,,,,,,,,,
Amhara,West Gojam,Womberma,Womberma,Womberma,Wenberma Woreda,womberma,wonberma,,,,,,,,,
Amhara,West Gojam,Yilmana Diensa,Yilmana Diensa,Yilmana Diensa,Yilmana Densa Woreda,yilimana dnisa,yilma na densa,yilmana diensa,,,,,,,,
BGumuz,,Agalometi,Agalometi,Agalometi,agalo mete,Agalo Mete Woreda,agelo meti,,,,,,,,,
BGumuz,,Asossa,Asossa,Asossa,asossa,Assosa Woreda,assosa rural,,,,,,,,,
BGumuz,,Asossa Town,Asossa Town,Asossa Town,asossa town,assosa twon,Assosa Town Administration,assossa town,assosa hospital,,,,,,,
BGumuz,,Bambasi,Bambasi,Bambasi,Bambasi Woreda,,,,,,,,,,,
BGumuz,,Bellojengafoi,Bellojengafoi,Bellojengafoi,Belo Jegenfoy Woreda,bellojengafoi,belojegonfoy,,,,,,,,,
BGumuz,,Bullen,Bullen,Bullen,Bulen Woreda,bullen,,,,,,,,,,
BGumuz,,Dangur,Dangur,Dangur,dangur/mabuk,Dangur Woreda,dangure,,,,,,,,,
BGumuz,,Dibate,Dibate,Dibate,Dibate Woreda,,,,,,,,,,,
BGumuz,,Guba,Guba,Guba,Guba Woreda,,,,,,,,,,,
BGumuz,,Homosha,Homosha,Homosha,Homosha Woreda,homesha,,,,,,,,,,
BGumuz,,Kamashi,Kamashi,Kamashi,Kamishe Woreda,kamishe,,,,,,,,,,
BGumuz,,Kurmuk,Kurmuk,Kurmuk,Kurmuk Woreda,kurmuke,,,,,,,,,,
BGumuz,,Mandura,Mandura,Mandura,Mandura Woreda,,,,,,,,,,,
BGumuz,,Mao-Komo,Mao-Komo,Mao Komo,Mao Komo Special Woreda,mao komo special,mao komo special,mao komo,,,,,,,,
BGumuz,,Menge,Menge,Menge,Menge Woreda,,,,,,,,,,,
BGumuz,,Oddabildiglu,Oddabildiglu,Oddabildiglu,Oda Buldigilu Woreda,oda buldigilu,odabuldi-guli,oddabildiglu,,,,,,,,
BGumuz,,Pawi,Pawi,Pawi,Pawi Woreda,pawe,pawe hospital,pawe special,pawi,,,,,,,
BGumuz,,Sedal,Sedal,Sedal,sedal,sedal/sirba,sedal/sirba abay,sedel,sirba abay woreda,Sirba abay woreda,,,,,,
BGumuz,,Sherkole,Sherkole,Sherkole,Sherkole Woreda,,,,,,,,,,,
BGumuz,,Wombera,Wombera,Wombera,Wenbera Woreda,wombera,,,,,,,,,,
BGumuz,,Yasso,Yasso,Yasso,Yaso Woreda,yasso,,,,,,,,,,
Dire Dawa,,A/Ketema,A/Ketema,A Ketema,a ketema,,,,,,,,,,,
Dire Dawa,,Biyo Awale,Biyo Awale,Biyo Awale,biyo awale,Biyoawale Operational Woreda Health Office,bie awale,,,,,,,,,
Dire Dawa,,Dire Dawa,Dire Dawa,Dire Dawa,Dire Dawa Operational Woreda Health Office,dire dawa,dila hospital,dilchora hospital,,,,,,,,
Dire Dawa,,G/Kore,G/Kore,G Kore,Gendekore Operational Woreda Health Office,gendakore,gendo kore,g kore,,,,,,,,
Dire Dawa,,Jaldessa,Jaldessa,Jaldessa,Jeldessa Operational Woreda Health Office,jeldesa,jaldessa,,,,,,,,,
Dire Dawa,,Legehare,Legehare,Legehare,Legehare Operational Woreda Health Office,legehare,,,,,,,,,,
Dire Dawa,,MelkaJebdu,MelkaJebdu,MelkaJebdu,Melkajebdu Operational Woreda Health Office,melkajebdu,melka jebdu,,,,,,,,,
Dire Dawa,,Sabian,Sabian,Sabian,Sabian Operational Woreda Health Office,sabian,,,,,,,,,,
Dire Dawa,,Wahil,Wahil,Wahil,Wahil Operational Woreda Health Office,wahil,,,,,,,,,,
Gambella,,abobo,Abobo,abobo,abobo,Abobo Woreda,,,,,,,,,,
Gambella,,akobo,Akobo,akobo,akobo,akobo,Akobo Woreda,,,,,,,,,
Gambella,,Dimma,Dimma,Dimma,Dimma Woreda,dimma,dima,,,,,,,,,
Gambella,,Gambella town,Gambella town,Gambella town,gambella town,gambella town,gambela town,gambella hospital,,,,,,,,
Gambella,,Gambella woreda,Gambella woreda,Gambella woreda,Gambela Zurya Woreda,gambella woreda,gambela,gambella zuria,gambella zuriya,gambela zurya,gambella wild life reserve,,,,,
Gambella,,Godere,Godere,Godere,Godere Woreda,godare,,,,,,,,,,
Gambella,,Gog,Gog,Gog,Gog Woreda,gog,gog,,,,,,,,,
Gambella,,Itang,Itang,Itang,itang,,,,,,,,,,,
Gambella,,jikawo,jikawo,jikawo,Jikawo Woreda,jikawo,,,,,,,,,,
Gambella,,Jor,Jor,Jor,Jor Woreda,jor,jor,,,,,,,,,
Gambella,,Lare,Lare,Lare,lare woreda,,,,,,,,,,,
Gambella,,Mekoy,Mekoy,Mekoy,mekoy,mekoye,makoy,,,,,,,,,
Gambella,,Mengesh,Mengesh,Mengesh,Mengeshi Woreda,mengeshi,mengesh,,,,,,,,,
Gambella,,Wantewa,Wantewa,Wantewa,Wantua Woreda,wanthuwa,wantawa,wantewa,,,,,,,,
Harreri,,Abadir,Abadir,Abadir,Abadir Woreda,,,,,,,,,,,
Harreri,,Abeker,Abeker,Abeker,abeker,Abubeker Woreda,,,,,,,,,,
Harreri,,Amir nue,Amir nue,Amir nue,amir nue,amir nur,Amir Nur Woreda,,,,,,,,,
Harreri,,Dire teyara,Dire teyara,Dire teyara,Dire Teyara Woreda,dire teyara,,,,,,,,,,
Harreri,,Erer,Erer,Erer,Erer Woreda,erer,,,,,,,,,,
Harreri,,Hakim,Hakim,Hakim,Hakim Woreda,,,,,,,,,,,
Harreri,,Jenila,Jenila,Jenila,jenila,jenela,Gineela,gineela woreda,,,,,,,,
Harreri,,Shenkor,Shenkor,Shenkor,Shenkor Woreda,,,,,,,,,,,
Harreri,,Sofi,So,Sofi,Sofi Woreda,,,,,,,,,,,
Oromiya,Arsi,Amigna,Amigna,Amigna,Amigna Woreda,,,,,,,,,,,
Oromiya,Arsi,Aseko,Aseko,Aseko,Aseko Woreda,,,,,,,,,,,
Oromiya,Arsi,Bekoji,Bekoji,Bekoji,bekoji,bekoji city,bekoji town,beki,Bokeji Town Woreda,,,,,,,
Oromiya,Arsi,Bele,Bele,Bele gasgar woreda,bele,bale gesgara,bale gasegar,bale,,,,,,,,
Oromiya,Arsi,Chole,Chole,Chole,Chole Woreda,,,,,,,,,,,
Oromiya,Arsi,Digalu,Digelu & Tijo,Digalu,Digeluna Tijo Woreda,digelu & tijo,digluna tijo,,,,,,,,,
Oromiya,Arsi,Dikisis,Dikisis,Dikisis,Deksis Woreda,diksis,dikisis,,,,,,,,,
Oromiya,Arsi,Dodota,Dodota,Dodota,Dodota Woreda ,,,,,,,,,,,
Oromiya,Arsi,Gololcha,Gololcha,Gololcha,Gololcha Woreda,,,,,,,,,,,
Oromiya,Arsi,Guna,Guna,Guna,Guna Woreda,gununo,,,,,,,,,,
Oromiya,Arsi,Hetosa,Hetosa,Hetosa,Hitosa Woreda,hetosa,,,,,,,,,,
Oromiya,Arsi,Hinkolo Wabe,Hinkolo wabe,Hinkolo Wabe,hinkolo wabe,Enkelo wabe woreda,,,,,,,,,,
Oromiya,Arsi,Jeju,Jeju,Jeju,Jeju Woreda,,,,,,,,,,,
Oromiya,Arsi,Limuna Bilbilo,Limuna bilbilo,Limuna Bilbilo,Limuna Bilbilo Woreda,,,,,,,,,,,
Oromiya,Arsi,Lode hetosa,Lode Hetosa,Lode hetosa,Lode Hetosa Woreda,lode hetosa,lude hitosa,,,,,,,,,
Oromiya,Arsi,Marti,Merti,Marti,Merti Woreda,marti,,,,,,,,,,
Oromiya,Arsi,Munesa,munesa,Munesa,Munesa Woreda,,,,,,,,,,,
Oromiya,Arsi,Robe,Robe,Robe,Robe Woreda,,,,,,,,,,,
Oromiya,Arsi,Seru,Seru,Seru,Seru Woreda,,,,,,,,,,,
Oromiya,Arsi,shirka,shirka,shirka,Shirka Woreda,,,,,,,,,,,
Oromiya,Arsi,Sire,Sire,Sire,Sire Woreda,,,,,,,,,,,
Oromiya,Arsi,Sude,Sude,Sude,Sude Woreda,,,,,,,,,,,
Oromiya,Arsi,Tena,Tena,Tena,Tena Woreda,,,,,,,,,,,
Oromiya,Arsi,Tiyo,Tiyo,Tiyo,Tiyo Woreda,,,,,,,,,,,
Oromiya,Arsi,Zuway dugda,Zuway dugda,Zuway dugda,Zeway Dugda Woreda,zuway dugda,,,,,,,,,,
Oromiya,Bale,Agarfa,Agarfa,Agarfa,Agarfa Woreda,,,,,,,,,,,
Oromiya,Bale,Berbere,Berbere,Berbere,Berbere Woreda,barbare,,,,,,,,,,
Oromiya,Bale,Dawe Kachen,Dawe kachen,Dawe Kachen,Dawe Kechen Woreda,dawe kechen,dawe kachen,dawe kachen,,,,,,,,
Oromiya,Bale,Dawe Serer,Dawe Sarar,Dawe Serer,Dawe Serer Woreda,dawe serar,dawe sarar,dawe serer,dawe,,,,,,,
Oromiya,Bale,Dinsho,Dinsho,Dinsho,Dinsho Woreda,,,,,,,,,,,
Oromiya,Bale,Dolo mena,Delo,Dolo mena,Delo Mena Woreda,Delo Mena Woreda,Delo Mena Woreda,Dollo Woreda,dolo mena,,,,,,,
Oromiya,Bale,Gasara,Gasera,Gasara,Gasera Woreda,gasara,,,,,,,,,,
Oromiya,Bale,Ginnir,Ginir,Ginnir,Gindhir Woreda,gindhir,,,,,,,,,,
Oromiya,Bale,Ginnir Town,Ginir Town,Ginnir Town,Ginnir Town Woreda,ginir town,ginnir town,,,,,,,,,
Oromiya,Bale,Goba,Goba,Goba,Goba Woreda,goba,,,,,,,,,,
Oromiya,Bale,Goba Town,Goba Town,Goba Town,Goba Town Woreda,,,,,,,,,,,
Oromiya,Bale,Gololcha,Gololcha,gololcha bale,,,,,,,,,,,,
Oromiya,Bale,Goro,Goro,,,,,,,,,,,,,
Oromiya,Bale,Gura Dhamole,Gura Dhamole,,,,,,,,,,,,,
Oromiya,Bale,Harena buluk,Missing in HSTP,arena buluq woreda,,,,,,,,,,,,
Oromiya,Bale,Lege hidha,Lege Hidha,,,,,,,,,,,,,
Oromiya,Bale,Mede Walabu,Mede Walabu,Meda welabu woreda,,,,,,,,,,,,
Oromiya,Bale,Rayitu,Rayitu,Raytu woreda,,,,,,,,,,,,
Oromiya,Bale,Robe Town,Robe Town,Robe Town Woreda,,,,,,,,,,,,
Oromiya,Bale,Sewena,Missing in HSTP,seweyna woreda,,,,,,,,,,,,
Oromiya,Bale,Sinana,Missing in HSTP,,,,,,,,,,,,,
Oromiya,Borena,Abaya,Abaya,Abaya,Abaya Woreda,,,,,,,,,,,
Oromiya,Borena,Arero,Arero,Arero,Arero Woreda,,,,,,,,,,,
Oromiya,Borena,Bule Hora,Bule Hora,Bule Hora,Bule Hora Woreda,bule hora hospital,,,,,,,,,,
Oromiya,Borena,Bule Hora Town,Bule Hora Town,Bule Hora Town,bule hora town,Bule Hora Town Woreda,,,,,,,,,,
Oromiya,Borena,Dhas,Dhas,Dhas,Dhaas Woreda,dhas,dhas/borbor,,,,,,,,,
Oromiya,Borena,Dillo,Dilo,Dillo,Dillo Woreda,dilo,dillo,dilo/malbe,,,,,,,,
Oromiya,Borena,Dire,Dire,Dire,Dire Woreda,,,,,,,,,,,
Oromiya,Borena,Dugda Dawa,Dugda Dawa,Dugda Dawa,Dugda Dawa Woreda,dugida dawa,dugda dawa,,,,,,,,,
Oromiya,Borena,Galana,Galana,Galana,Gelana Woreda,galana,galaan,gelana borena,,,,,,,,
Oromiya,Borena,Malka Soda,Malka Soda,Malka Soda,Malka Soda Woreda,malka soda,melka soda,,,,,,,,,
Oromiya,Borena,Miyo,Miyo,Miyo,Miyo Woreda,miyo,,,,,,,,,,
Oromiya,Borena,Moyale,Moyale,Moyale,Moyale Woreda,moyale hospital,moyale,,,,,,,,,
Oromiya,Borena,Taltale,Teltele,Taltale,Teltele Woreda,taltale,teletele,,,,,,,,,
Oromiya,Borena,Yabello,Yabelo,Yabello,Yabelo Woreda,yabello,Yabello Woreda,yabelo rural,,,,,,,,
Oromiya,Borena,Yabello Town,YabeloTown,Yabello Town,yabello town,yabelo hospital,,,,,,,,,,
Oromiya,East Hararge,Aweday,Awedayi Town,Aweday,aweday,aweday city,aweday town,Aweday Town Woreda,,,,,,,,
Oromiya,East Hararge,Babile,Babile,Babile,,,,,,,,,,,,
Oromiya,East Hararge,Baddennoo,Beddeno,Baddennoo,baddennoo,Bedeno Woreda,,,,,,,,,,
Oromiya,East Hararge,chinakson,Chnakson,chinakson,chinaksan,chinaksen,Chinaksen Woreda,chinakson,,,,,,,,
Oromiya,East Hararge,Deder,Dadar,Deder,Deder Woreda,,,,,,,,,,,
Oromiya,East Hararge,Deder town,Deder town,Deder Town Woreda,deder town,deder hospital,,,,,,,,,,
Oromiya,East Hararge,Fedis,Fadis,Fedis,Fedis Woreda,,,,,,,,,,,
Oromiya,East Hararge,GIRAWA,Grawa,GIRAWA,Girawa Woreda,Meyu muleke woreda,,,,,,,,,,
Oromiya,East Hararge,Gola-Oda,Missing in HSTP,Gola Oda,Gole Oda Woreda,gola oda,,,,,,,,,,
Oromiya,East Hararge,Gorro Gutu,Missing in HSTP,Gorro Gutu,Goro Gutu Woreda,gorro gutu,,,,,,,,,,
Oromiya,East Hararge,Gursum,Gursum,Gursum,Gursum Woreda,,,,,,,,,,,
Oromiya,East Hararge,Haramaya,Haromaya,Haramaya,Haromaya Woreda,haramaya,haro maya,,,,,,,,,
Oromiya,East Hararge,Haromaya Town,Haromaya Town,Haromaya Town,Haromaya Town Woreda,haromaya town,haromaya hospital,haromaya rural,,,,,,,,
Oromiya,East Hararge,Jarso,Jarso,Jarso,Jarso Woreda,,,,,,,,,,,
Oromiya,East Hararge,Kersa,Kersa,Kersa,Kersa Woreda,kersa,Qersa Woreda,qersa,,,,,,,,
Oromiya,East Hararge,Kombolcha,Kombolcha,Kombolcha,Kombolcha Woreda,Kombolcha Town Woreda,kombolcha,,,,,,,,,
Oromiya,East Hararge,Kurfa,Kurfa callee,Kurfa,Kurfa Chele Woreda,kurfacale,kurfa,,,,,,,,,
Oromiya,East Hararge,Mayyu,Mayyu,Mayyu,mayyu,,,,,,,,,,,
Oromiya,East Hararge,Melka Bello,Melka Belo,Melka Bello,Melka Belo Woreda,melka bello,melka balo,malka balo,,,,,,,,
Oromiya,East Hararge,Metta,Metta,Metta,Meta Woreda,metta,,,,,,,,,,
Oromiya,East Hararge,Midhega,Missing in HSTP,Midhega,Midega Tola Woreda,midhega,midega tola,midga tola,midhaga tola,,,,,,,
Oromiya,East Hararge,Qumbii,Qumbi,Qumbii,qumbi,qumbii,Kumbi woreda,,,,,,,,,
Oromiya,East Shewa,Adama Rural,Adama,Adama Rural,adama rural,,,,,,,,,,,
Oromiya,East Shewa,Adami tullu J/K,Adaami Tullu JK,Adami tullu J K,adami tulu,adami tullu j k,Adami Tulu Jido Kombolcha Woreda,,,,,,,,,
Oromiya,East Shewa,Adaa,Adaa Woreda,,,,,,,,,,,,,
Oromiya,East Shewa,Adea,Ade’a,,,,,,,,,,,,,
Oromiya,East Shewa,Batu,Batu,Batu,batu hospital,batu town,batu,zeway batu town woreda,,,,,,,,
Oromiya,East Shewa,Bora,Bora,Bora,Bora Woreda,,,,,,,,,,,
Oromiya,East Shewa,Boset,Boset,Boset,Boset Woreda,,,,,,,,,,,
Oromiya,East Shewa,Dugda,Dugda,Dugda,Dugda Woreda,,,,,,,,,,,
Oromiya,East Shewa,Fantalle,Fantalle,Fantalle,Fentale Woreda,fantalle,,,,,,,,,,
Oromiya,East Shewa,Gimbichu,Gimbichu,Gimbichu,Gimbichu Woreda,,,,,,,,,,,
Oromiya,East Shewa,Liben,Liben,Liben,Liben Woreda,liban,liben chukala,,,,,,,,,
Oromiya,East Shewa,Lume,Lume,Lume,Lume Woreda,lume,lome,,,,,,,,,
Oromiya,East Shewa,Methehara,Methehara,Methehara,Metehara Town Woreda,metehara,metahara city,methehara,matahara,,,,,,,
Oromiya,East Shewa,Modjo,Modjo,Modjo,Mojo Town Woreda,mojo town,mojo,modjo,,,,,,,,
Oromiya,East Wolega,Bonaya Boshe,Bonaya Boshe,Bonaya Boshe,bonaya boshe,boneya boshe,Bilo bosha woreda,,,,,,,,,
Oromiya,East Wolega,Diga,Diga,Diga,Diga Woreda,,,,,,,,,,,
Oromiya,East Wolega,Ebantu,Ebantu,Ebantu,Ebantu Woreda,,,,,,,,,,,
Oromiya,East Wolega,Gida Ayana,Gida Ayana,Gida Ayana,Gida Ayana Woreda,gida ayana,gida ayyana,,,,,,,,,
Oromiya,East Wolega,Gobu Sayo,Gobu Sayo,Gobu Sayo,Gobu Seyo Woreda,gobu sayo,gubu sayo,,,,,,,,,
Oromiya,East Wolega,Gudeya Bila,Gudeya Bila,Gudeya Bila,Gudeya Bila Woreda,gudeya bila,gudaya bila,,,,,,,,,
Oromiya,East Wolega,Guto Gida,Guto Gida,Guto Gida,Guto Gida Woreda,,,,,,,,,,,
Oromiya,East Wolega,Haro Limu,Haro Limu,Haro Limu,Haro Limu Woreda,haro limu,,,,,,,,,,
Oromiya,East Wolega,Jima Arjo,Jima Arjo,Jima Arjo,Jimma Arjo Woreda,jima arjo,,,,,,,,,,
Oromiya,East Wolega,Kiremu,Kiramu,Kiremu,keremu,kiremu,Gida keremu woreda,,,,,,,,,
Oromiya,East Wolega,Leka Dullacha,Leqa Dullecha,Leka Dullacha,Leqa Dulecha Woreda,leka dulecha,leka dullacha,,,,,,,,,
Oromiya,East Wolega,Limmu,Limu,Limmu,Limu Woreda,limmu,,,,,,,,,,
Oromiya,East Wolega,Nunu Kumba,Nunu Kumba,Nunu Kumba,Nunu Qumba Woreda,nunu kumba,,,,,,,,,,
Oromiya,East Wolega,Sasiga,Sasiga,Sasiga,Sasiga Woreda,,,,,,,,,,,
Oromiya,East Wolega,Sibu Sire,Sibu Sire,Sibu Sire,Sibu Sire Woreda,,,,,,,,,,,
Oromiya,East Wolega,Wama Hagalo,Wama Hagalo,Wama Hagalo,Wama Hage Woreda,wama hagalo,wama hage,,,,,,,,,
Oromiya,East Wolega,Wayu Tuqa,Wayu Tuqa,Wayu Tuqa,Wayu Tuka Woreda,wayu tuka,,,,,,,,,,
Oromiya,Finfine Special,Akaki,Akaki,Akaki,,,Akaki Woreda,,,,,,,,,
Oromiya,Finfine Special,Barak,Barak,Barak,barak,Barak Haleltu Woreda,,,,,,,,,,
Oromiya,Finfine Special,Holota town,Holota town,Holota town,Holeta Woreda,holeta,holota town,holota,,,,,,,,
Oromiya,Finfine Special,Mulo,Mulo,Mulo,Mulo Woreda,,,,,,,,,,,
Oromiya,Finfine Special,Sandafa town,Sandafa town,Sandafa town,Sendafa Woreda,sandefa,sandafa town,,,,,,,,,
Oromiya,Finfine Special,Sebeta Hawas,Sabata Hawas,Sebeta Hawas,Sebeta Hawas Woreda,sebata awas,,,,,,,,,,
Oromiya,Finfine Special,Sululta,Sululta,Sululta,Sululta Woreda,,,,,,,,,,,
Oromiya,Finfine Special,Walmara,Walmara,Walmara,Walmara Woreda,walmara,wolmera,,,,,,,,,
Oromiya,Guji,Adola Woyu,Adola Woyu,Adola Woyu,adola wayyu,adola woyu,adola hospital,adola rural,Adola Rural Woreda,adola town,adola town woreda,,,,,
Oromiya,Guji,Ana Rede,Adola Rede,Ana Rede,ana rede,,,,,,,,,,,
Oromiya,Guji,Ana Sora,Ana Sora,Ana Sora,ana sora,anasora,anna soraa,anna sora,Anna Sorra Woreda,,,,,,,
Oromiya,Guji,Bore,Bore,Bore,Bore Woreda,,,,,,,,,,,
Oromiya,Guji,Dama,Dama,Dama,Dama Woreda,dama,daamaa,,,,,,,,,
Oromiya,Guji,Girja,Girja,Girja,Girja Woreda,,,,,,,,,,,
Oromiya,Guji,Goro Dola,Goro Dola,Goro Dola,Goro Dola Woreda,goro dola,goro doola,,,,,,,,,
Oromiya,Guji,Hambela wamena,Hambella Wamena,Hambela wamena,Hambela Wemena Woreda,hambala wamana,hambela wemena,hambelle wammana,hambelle wammana,,,,,,,
Oromiya,Guji,Kercha,Kercha,Kercha,kercha,Qercha Woreda,qerca,,,,,,,,,
Oromiya,Guji,Liben,Liben,Liben,Liben Woreda,liban,,,,,,,,,,
Oromiya,Guji,Negele Town,Negele Town,Negele Town,Negele Town Woreda,nagele town,negele hospital,,,,,,,,,
Oromiya,Guji,Odo Shakiso,Odo shakkiso,Odo Shakiso,oddo shakiso,,,,,,,,,,,
Oromiya,Guji,Seba Boru,Saba Boru,Seba Boru,Seba Boru Woreda,sebu boru,seba boru,saba boru,sabba boru,,,,,,,
Oromiya,Guji,Shakiso Town,Shakiso Town,Shakiso Town,Shakiso Town Woreda,shakiso town,Shakiso Woreda,shakkisso,,,,,,,,
Oromiya,Guji,Uraga,Uraga,Uraga,Uraga Woreda,,,,,,,,,,,
Oromiya,Guji,Wadera,Wadera,Wadera,Wadera Woreda,wadara,waadara,,,,,,,,,
Oromiya,Horo,Abayi Choman,Abay Chomen,Abayi Choman,Abay Chomen Woreda,abay comen,abayi choman,abey chomen,,,,,,,,
Oromiya,Horo,Abe Dongoroo,Abe Dongoro,Abe Dongoroo,abe dongoroo,Abe Dengoro Woreda,,,,,,,,,,
Oromiya,Horo,Amuru,Amuru,Amuru,Amuru Woreda,,,,,,,,,,,
Oromiya,Horo,Guduru,Guduru,Guduru,Guduru Woreda,guduru,,,,,,,,,,
Oromiya,Horo,Hababo Guduru,Hababo Guduru,Hababo Guduru,Hababo Guduru Woreda,,,,,,,,,,,
Oromiya,Horo,Horoo,Horo,Horoo,Horo Woreda,horoo,,,,,,,,,,
Oromiya,Horo,Jardegas Jarte,Jardega Jarte,Jardegas Jarte,Jardga Jarte Woreda,jardega jarte,jardega jarte,jardegas jarte,jarte jardega,,,,,,,
Oromiya,Horo,Jima Raree,Jimma Rare,Jima Raree,Jimma Rare Woreda,jimma rare,,,,,,,,,,
Oromiya,Horo,Jimma Gannatii,Jima Geneti,Jimma Gannatii,Jimma Geneti Woreda,jimma geneti,jimma ganati,jimma gannatii,,,,,,,,
Oromiya,Horo,Shambu Town,Shambu,Shambu Town,Shambu Town Woreda,shambu hospital,,,,,,,,,,
Oromiya,Ilu Ababor,Ale,Ale,Ale,Ale Special Woreda,Ale Woreda,ali,,,,,,,,,
Oromiya,Ilu Ababor,Alge,Alge,Alge,alge sachi,Alge Sachi Woreda,alge,,,,,,,,,
Oromiya,Ilu Ababor,Becho,Becho,Becho,Becho Woreda,tulu bolo hospital,,,,,,,,,,
Oromiya,Ilu Ababor,Bedele,Bedele,Bedele,bedele,bedele zuria,Bedele Zuria Woreda,,,,,,,,,
Oromiya,Ilu Ababor,Bedele Town,Bedele Town,Bedele Town Woreda,,,,,,,,,,,,
Oromiya,Ilu Ababor,Borecha,Borecha,Borecha,borecha,,,,,,,,,,,
Oromiya,Ilu Ababor,Bure,Bure,Bure,bure town,Bure Woreda,,,,,,,,,,
Oromiya,Ilu Ababor,Chewaka,Chewaka,Chewaka,chewaka,Chewaqa Woreda,chwaka,,,,,,,,,
Oromiya,Ilu Ababor,Chora,Chora,Chora,Chora Woreda,,,,,,,,,,,
Oromiya,Ilu Ababor,Dabo Hana,Dabo Hana,Dabo Hana,Dabo Hana Woreda,dapho hana,,,,,,,,,,
Oromiya,Ilu Ababor,Darimu,Darimu,Darimu,Darimu Woreda,,,,,,,,,,,
Oromiya,Ilu Ababor,Dega,Dega,Dega,dega,,,,,,,,,,,
Oromiya,Ilu Ababor,Didesa,Didesa,Didesa,Dedesa Woreda,didesa,,,,,,,,,,
Oromiya,Ilu Ababor,Didu,Didu,Didu,Didu Woreda,,,,,,,,,,,
Oromiya,Ilu Ababor,Doreni,Doreni,Doreni,Doranii Woreda,doranii,,,,,,,,,,
Oromiya,Ilu Ababor,Gechi,Gechi,Gechi,Gechi Woreda,gaji,,,,,,,,,,
Oromiya,Ilu Ababor,Halu,Halu,Halu,Halu Woreda,,,,,,,,,,,
Oromiya,Ilu Ababor,Hurumu,Hurumu,Hurumu,Hurumu Woreda,,,,,,,,,,,
Oromiya,Ilu Ababor,Meko,Meko,Meko,Meko Woreda,mako,,,,,,,,,,
Oromiya,Ilu Ababor,Metu,Matu,Metu,Metu rural Woreda,metu rural,metu zuria,,,,,,,,,
Oromiya,Ilu Ababor,Metu Town,Metu Town,Metu Town Woreda,,,,,,,,,,,,
Oromiya,Ilu Ababor,Nono,Nono,Nono,Nono Woreda,Nono Benj Woreda,nono benja,nonno benja,,,,,,,,
Oromiya,Ilu Ababor,Nopha,Nopha,Nopha,nopha,Bilo nopha woreda,,,,,,,,,,
Oromiya,Ilu Ababor,Yayo,Yayo,Yayo,Yayo Woreda,yayo,,,,,,,,,,
Oromiya,Jimma,Agaro,Agaro,Agaro,Agaro Town Woreda,agaro town,,,,,,,,,,
Oromiya,Jimma,Chora Botor,Chora Boter,Chora Botor,Chora Boter Woreda,chora botor,,,,,,,,,,
Oromiya,Jimma,Deddo,Deddo,Deddo,Dedo Woreda,deddo,,,,,,,,,,
Oromiya,Jimma,Gera,Gera,Gera,Gera Woreda,,,,,,,,,,,
Oromiya,Jimma,Gomma,Gomma,Gomma,Gomma Woreda,,,,,,,,,,,
Oromiya,Jimma,Gummay,Gummaay,Gummay,Guma Woreda,gumma,gummay,,,,,,,,,
Oromiya,Jimma,Limu kossaa,Limmu Kossaa,Limu kossaa,Limu Kosa Woreda,limmu kossa,limu kossaa,,,,,,,,,
Oromiya,Jimma,Limu saqaa,Limmu Saqaa,Limu saqaa,Limu Seka Woreda,limmu seka,limu saqaa,,,,,,,,,
Oromiya,Jimma,Manna,Mannaa,Manna,Mana Woreda,manna,,,,,,,,,,
Oromiya,Jimma,Nonno,Nonno benjaa,Nonno,Nonno Sale Woreda,nonno sale,nono sale,nonno,,,,,,,,
Oromiya,Jimma,Omo Nada,Omo Naddaa,Omo Nada,Omonada Woreda,ommo nadda,omo nada,,,,,,,,,
Oromiya,Jimma,Qarsaa,Qarsaa,Qarsaa,qarsaa,qarsaa,Qarsaa Woreda,,,,,,,,,
Oromiya,Jimma,Seka cekorsa,Saqa Caqorsa,Seka cekorsa,Seka Chokorsa Woreda,seka cekorsa,seka chokorsa,saka chekorsa,,,,,,,,
Oromiya,Jimma,Sentema,Saxxammaa,Sentema,Setema Woreda,,,,,,,,,,,
Oromiya,Jimma,Shabe,Shabe Sombo,Shabe,shabe,shabe sombo,Shebe senbo woreda,,,,,,,,,
Oromiya,Jimma,Sigimo,Sigimo,Sigimo,Sigmo Woreda,sigimo,sigamo,,,,,,,,,
Oromiya,Jimma,Sokoru,Sokoru,Sokoru,Sekoru Woreda,sokoru,,,,,,,,,,
Oromiya,Jimma,Tiro Afeta,Tiro afata,Tiro Afeta,Tiro Afeta Woreda,,,,,,,,,,,
Oromiya,Kellem,Anfillo,Anfillo,Anfillo,anfillo,Anfilo Woreda,,,,,,,,,,
Oromiya,Kellem,Dale Sadi,Dalle Sedi,Dale Sadi,dale sadi,Dale Sedi Woreda,,,,,,,,,,
Oromiya,Kellem,Dale Wabera,Dalle Wabera,Dale Wabera,Dale Wabera Woreda,,,,,,,,,,,
Oromiya,Kellem,Dambi Dollo,Dembi Dollo,Dambi Dollo,dambi dolo,dambi dollo,denbi dollo town,dambi dolo hospital,dembi dolo town woreda,,,,,,,
Oromiya,Kellem,Gawo Kebe,Gawo Kebbe,Gawo Kebe,Gawo Kebe Woreda,gawo kebe,,,,,,,,,,
Oromiya,Kellem,Gidami,Gidami,Gidami,Gidami Woreda,gidami,,,,,,,,,,
Oromiya,Kellem,Hawa Gelan,Hawa Gelan,Hawa Gelan,Hawa Gelan Woreda,,,,,,,,,,,
Oromiya,Kellem,Jimma Horro,Jimma Horro,Jimma Horro,Jimma Horo Woreda,jimma horro,,,,,,,,,,
Oromiya,Kellem,Lalo Kile,Lalo Kile,Lalo Kile,Lalo Qile Woreda,lalo kile,lalo qile,,,,,,,,,
Oromiya,Kellem,Seyyo,Seyyo,Seyyo,Seyo Woreda,seyyo,seyo,,,,,,,,,
Oromiya,Kellem,Yemalogi Walel,Yemalogi Wolel,Yemalogi Walel,Yemalogi Welel Woreda,yemalogi walel,yemalogi wolel,,,,,,,,,
Oromiya,North Shoa,Abichu Gnea,Abichu Gnea,Abichu Gnea,Abichuna Gnea Woreda,abichuna gnaa,abichu gnea,abichuna gnea,,,,,,,,
Oromiya,North Shoa,Aleltu,Aleltu,Aleltu,aleltu,Aleltu Woreda,,, ,,,,,,,
Oromiya,North Shoa,Debre Libanos,Debre Libanos,Debre Libanos,Debre Libanos Woreda,debere libanos,,,,,,,,,,
Oromiya,North Shoa,Degem,Degem,Degem,Degem Woreda,,,,,,,,,,,
Oromiya,North Shoa,Dera,Dera,Dera,Dera Woreda,,,,,,,,,,,
Oromiya,North Shoa,Fitche Town,Fitche Town,Fitche Town,Fiche Town Woreda,fiche town,fitche town,fiche,fiche hospital,,,,,,,
Oromiya,North Shoa,Girar Jarso,Girar Jarso,Girar Jarso,Girar Jarso Woreda,,,,,,,,,,,
Oromiya,North Shoa,Hedhebu Abote,Hedhebu Abote,Hedhebu Abote,Hidabu Abote Woreda,hedhebu abote,,,,,,,,,,
Oromiya,North Shoa,Jida,Jida,Jida,Jido Woreda,jida,,,,,,,,,,
Oromiya,North Shoa,Kimbibit,Kimbibit,Kimbibit,Kimbibit Woreda,sheno,,,,,,,,,,
Oromiya,North Shoa,Kuyu,Kuyu,Kuyu,Kuyu Woreda,kuyu hospital,,,,,,,,,,
Oromiya,North Shoa,Wachale,Wachale,Wachale,Wuchale Woreda,wachale,,,,,,,,,,
Oromiya,North Shoa,Were Jarso,Were Jarso,Were Jarso,Were Jarso Woreda,,,,,,,,,,,
Oromiya,North Shoa,Yaya Gulele,Yaya Gulele,Yaya Gulele,Yaya Gulele Woreda,,,,,,,,,,,
Oromiya,South Wollo,Amaya,Ameya,Amaya,amaya,Ameya Woreda,,,,,,,,,,
Oromiya,South Wollo,Becho,Becho,Becho,bicho,,,,,,,,,,,
Oromiya,South Wollo,Dawo,Dawo,Dawo,Dawo Woreda,,,,,,,,,,,
Oromiya,South Wollo,Goro,Goro,Goro,Goro Woreda,,,,,,,,,,,
Oromiya,South Wollo,Ilu,Ilu,Ilu,Ilu Woreda,,,,,,,,,,,
Oromiya,South Wollo,Kersa Malima,Kersamalima,Kersa Malima,Kersana Malima Woreda,kersa ena malima( SWS),kersa malima,kersa eh,,,,,,,,
Oromiya,South Wollo,Sedensoddo,Sedensoddo,Seden soddo,Seden Sodo Woreda,seden soddo,,,,,,,,,,
Oromiya,South Wollo,Sodo Dachi,Sodo Dachi,Sodo Dachi,Sodo Dacha Woreda,sodo dacha,sodo dachi,,,,,,,,,
Oromiya,South Wollo,Tole,Tolee,Tole,Tole Woreda,,,,,,,,,,,
Oromiya,South Wollo,Wenchi,Wenchi,Wenchi,Wonchi Woreda,wenchi,,,,,,,,,,
Oromiya,South Wollo,Woliso Rural,Waliso,Woliso Rural,Woliso Rural Woreda,woliso,woliso rural,,,,,,,,,
Oromiya,South Wollo,Woliso Town,Waliso Town,Woliso Town,Woliso Town Woreda,woliso town,,,,,,,,,,
Oromiya,West Arsi,Adaba,Adaba,Adaba,Adaba Woreda,,,,,,,,,,,
Oromiya,West Arsi,Arsi Nagele,Arsi Negelle,Arsi Nagele,arsi negele rural,arsi nagele,Arsi Negele Woreda,arsi negelle,,,,,,,,
Oromiya,West Arsi,Arsi Nagele Town,Arsi Negelle Town,Arsi Nagele Town,arsi nagele town,arsi negele town,Arsi Negelle Town Woreda,,,,,,,,,
Oromiya,West Arsi,Bishan Guracha,Bishan Guracha,Bishan Guracha,bishan guracha,bishan guracha town,Bishan Guracha Town Woreda,,,,,,,,,
Oromiya,West Arsi,Dodola,Dodola,Dodola,Dodola Rural Woreda ,dodola rural,,Dodola Woreda,,,,,,,,
Oromiya,West Arsi,Dodola Town,Dodola Town,Dodola Town,,,dodola town,,,,,,,,,
Oromiya,West Arsi,Gadab Hasasa,Gedeb Hasasa,Gadab Hasasa,Gedeb Asasa Woreda,gedeb hasassa,gadab hasasa,gadeb asasa,,,,,,,,
Oromiya,West Arsi,Kofale,Kofele,Kofale,Kofele Woreda,kofale,,,,,,,,,,
Oromiya,West Arsi,Kokosa,Kokosa,Kokosa,Kokosa Woreda,kokossa,,,,,,,,,,
Oromiya,West Arsi,Nansebo,Nensebo,Nansebo,Nensebo Woreda,nansebo,,,,,,,,,,
Oromiya,West Arsi,Qore,Kore,Qore,Qore Woreda,qore,kore ,,,,,,,,,
Oromiya,West Arsi,Shala,Shala,Shala,Shala Woreda,shalla,shala seyemt,,,,,,,,,
Oromiya,West Arsi,Shashemene,Shashamane,Shashemene,Shashemene Zuria Woreda,shashemene zuria,shashemene rural,gambo hospital,,,,,,,,
Oromiya,West Arsi,Siraro,Siraro,Siraro,Siraro Woreda,,,,,,,,,,,
Oromiya,West Arsi,Wondo,Wondo,Wondo,Wondo Woreda,wondo,,,,,,,,,,
Oromiya,West Hararge,Anchar,Ancaar,Anchar,Anchar Woreda,ancar,,,,,,,,,,
Oromiya,West Hararge,Baddesa Town,Badesa Town,Baddesa Town,baddesa town,badesa town,Bedesa Town Woreda,,,,,,,,,
Oromiya,West Hararge,Boke,Boke,Boke,Boke Woreda,,,,,,,,,,,
Oromiya,West Hararge,Burqa Dhintu,Burqa Dhintu,Burqa Dhintu,Buka Dhintu Woreda,burka dimtu,burka dhintu,burqa dhintu,burqua dhintu,,,,,,,
Oromiya,West Hararge,Chiro,Chiro,Chiro,chiro,chiro hospital,chiro rural,Chiro Rural Woreda,chiro zuria,,,,,,,
Oromiya,West Hararge,Chiro Town,Chiro Town,Chiro Town,Chiro Town Woreda,,,,,,,,,,,
Oromiya,West Hararge,Daro Labu,Daro Labu,Daro Labu,daro labu,Daro Lebu Woreda,,,,,,,,,,
Oromiya,West Hararge,Dobba,Doba,Dobba,Doba Woreda,dobba,dubo hospital,,,,,,,,,
Oromiya,West Hararge,Gammachis,Gammachis,Gammachis,gammachis,Gemechis woreda,,,,,,,,,,
Oromiya,West Hararge,Guba Qoricha,Guba Qoricha,Guba Qoricha,Guba Qoricha Woreda,guba koricha,,,,,,,,,,
Oromiya,West Hararge,Habro,Habro,Habro,Habro Woreda,,,,,,,,,,,
Oromiya,West Hararge,Hawwi Gudina,Hawi Gudina,Hawwi Gudina,Hawi Gudina Woreda,hawi gudina,hawwi gudina,,,,,,,,,
Oromiya,West Hararge,Mesela,Masala,Mesela,Mesela Woreda,,,,,,,,,,,
Oromiya,West Hararge,Mi'eso,Mi’eso,Mi eso,Mieso Woreda,mieso,mi eso,mi'eso,meiso/mulo,,,,,,,
Oromiya,West Hararge,Oda Bultum,Oda Bultum,Oda Bultum,Oda Bultum Woreda,oda bultum,,,,,,,,,,
Oromiya,West Hararge,Tullo,Tullo,Tullo,Tulo Woreda,tullo,,,,,,,,,,
Oromiya,West Shoa,Abuna,Abunagindeberet,Abuna,abuna,Abuna Gindeberet Woreda,,,,,,,,,,
Oromiya,West Shoa,Adabarga,Adeaberga,Adabarga,ada berga,adabarga,ade'a berga,Adaa Berga Woreda,adaa berga,,,,,,,
Oromiya,West Shoa,Ambo,Ambo Rural,Ambo,Ambo Woreda,ambo zuria,,,,,,,,,,
Oromiya,West Shoa,Ambo Town,Ambo Town,Ambo Town,Ambo Town Woreda,ambo hospital,,,,,,,,,,
Oromiya,West Shoa,Bakko,Bako Tibe,Bakko,bakko,Bako Gazer Woreda,Bako Tibe Woreda,,,,,,,,,
Oromiya,West Shoa,Caliya,Chelia,Caliya,caliya,Chelia Woreda,cheliya,,,,,,,,,
Oromiya,West Shoa,D/Incini,Dire Inchini,tikur enchini woreda,,,,,,,,,,,,
Oromiya,West Shoa,Dandi,Dendi,Dandi,dandi,Dendi Woreda,,,,,,,,,,
Oromiya,West Shoa,Dano,Dano,Dano,Dano Woreda,,,,,,,,,,,
Oromiya,West Shoa,Ejere,Ejere,Ejere,Ejerie Woreda,ejere,,,,,,,,,,
Oromiya,West Shoa,Gindeberet,Gindeberet,Gindeberet,Ginde Beret Woreda,gindeberet,gindeberet hospital,,,,,,,,,
Oromiya,West Shoa,Ilfata,Ilfeta,,,,,,,,,,,,,
Oromiya,West Shoa,Ilugalan,Ilu Gelan,ilu galan( west shewa),illu galan,ilu gelan,elu gelan woreda,,,,,,,,,
Oromiya,West Shoa,Jalduu,Jeldu,Jeldu Woreda,jeldu woreda,,,,,,,,,,,
Oromiya,West Shoa,Jibaat,Jibat,jibat woreda,,,,,,,,,,,,
Oromiya,West Shoa,Meta Robi,Metarobi,meta robi woreda,,,,,,,,,,,,
Oromiya,West Shoa,Mida Kegn,Mida Kegn,midakegni woreda,,,,,,,,,,,,
Oromiya,West Shoa,Nono,Nono,,,,,,,,,,,,,
Oromiya,West Shoa,Toke Kutaye,Toke Kutaye,toke kutaye woreda,,,,,,,,,,,,
Oromiya,West Wollega,Ayira,Ayira,Ayira,Ayira Woreda,Ayida Woreda,ayira hospital,,,,,,,,,
Oromiya,West Wollega,Babo Gambel,Babo Gambel,Babo Gambel,babo gambel,Babo Gambel Woreda,,,,,,,,,,
Oromiya,West Wollega,Begi,Begi,Begi,Begi Woreda,begi hospital,,,,,,,,,,
Oromiya,West Wollega,Boji Chokorsa,Boji Chokorsa,Boji Chokorsa,bodji chokorsa,boji chekorsa,Boji Cheqorsa Woreda,boji chokorsa,,,,,,,,
Oromiya,West Wollega,Boji Dirmeji,Boji dirmaji,Boji Dirmeji,bodji dirmeji,boji dirmeji,Boji Dermeji Woreda,,,,,,,,,
Oromiya,West Wollega,Genji,Genji,Genji,Genji Woreda,,,,,,,,,,,
Oromiya,West Wollega,Gimbi,Gimbi,Gimbi,Gimbi Woreda,gimbi public hospital,gimbi adventist hospital,gimbi rural,,,,,,,,
Oromiya,West Wollega,Gimbi Town,Gimbi Town,Gimbi Town,Gimbi Town Woreda,gimbi town,,,,,,,,,,
Oromiya,West Wollega,Gulliso,Gulliso,Gulliso,Guliso Woreda,gulliso,,,,,,,,,,
Oromiya,West Wollega,Haru,Haru,Haru,Haru Woreda,,,,,,,,,,,
Oromiya,West Wollega,Homa,Homa,Homa,Homa Woreda,,,,,,,,,,,
Oromiya,West Wollega,Jarso,Jarso,Jarso,Jarso Woreda,,,,,,,,,,,
Oromiya,West Wollega,Kiltu Kara,Kiltu Kara,Kiltu Kara,Qiltu Kara Woreda,kiltu kara,,,,,,,,,,
Oromiya,West Wollega,Kondala,Kondala,Kondala,Qondala Woreda,kondala,,,,,,,,,,
Oromiya,West Wollega,Lalo Assabi,Lalo Assabi,Lalo Assabi,Lalo Asabi Woreda,lalo assabi,,,,,,,,,,
Oromiya,West Wollega,Mendi,Mendi Town,Mendi,mendi,,,,,,,,,,,
Oromiya,West Wollega,Menesibu,Manasibu,Menesibu,Mene Sibu Woreda,menesibu,,,,,,,,,,
Oromiya,West Wollega,Nedjo,Nedjo,Nedjo,Nedjo Rural Woreda,nedjo,nedjo rural,Nejo Woreda,nejo rural,,,,,,,
Oromiya,West Wollega,Nedjo Town,Nejo Town,Nedjo Town,nedjo town,nejo hospital,nejo town,,,,,,,,,
Oromiya,West Wollega,Nole Kaba,Nole kaba,Nole Kaba,Nole Kaba Woreda,,,,,,,,,,,
Oromiya,West Wollega,Sayo Nole,Sayo Nole,Sayo Nole,sayo nole,sayo,Seyo nole woreda,,,,,,,,,
Oromiya,West Wollega,Yubdo,Yubdo,Yubdo,Yubdo Woreda,,,,,,,,,,,
Oromiya,,Adama Town,Adama Town,Adama Town,Adama Woreda,,,,,,,,,,,
Oromiya,,Asella Town,Asela Town,Asella Town,asella town,assela town,,,,,,,,,,
Oromiya,,Bishoftu,Bisho tu Town,Bishoftu,bishoftu,,,,,,,,,,,
Oromiya,,Burayu town,Burayu Town,Burayu town,burayu special,,,,,,,,,,,
Oromiya,,Dukam town,Dukem Town,Dukam town,dukam town,duken town,,,,,,,,,,
Oromiya,,Gelan town,Gelan Town,Gelan town,,,,,,,,,,,,
Oromiya,,Jimma Town,Jimma Town,Jimma Town,jimma town,jima town,,,,,,,,,,
Oromiya,,Laga tafo town,Lege Tafo Town,Laga tafo town,laga tafo town,lega tafo,lege tafo,lege dadi lege tafo town,,,,,,,,
Oromiya,,Nekemte Town,Nekemt Town,Nekemte Town,,,,,,,,,,,,
Oromiya,,Sabeta town,Sebeta Town,Sabeta town,sabeta town,alem gena,,,,,,,,,,
Oromiya,,Shashamene Town,Shashamane Town,Shashamene Town,shashamene town,shashamane town,,,,,,,,,,
Oromiya,,Sululta town,Sululta Town,Sululta town,,,,,,,,,,,,
SNNPR,Basketo,Basketo,Basketo,Basketo,basketo,basketo town,basketo special,Basketo Special Woreda,,,,,,,,
SNNPR,Bench maji,Bero,Bero,Bero,Bero Woreda,,,,,,,,,,,
SNNPR,Bench maji,Guraferda,Guraferda,Guraferda,Guraferda Woreda,gura ferda,,,,,,,,,,
SNNPR,Bench maji,Maji,Maji,Maji,Maji Woreda,,,,,,,,,,,
SNNPR,Bench maji,Menet Goldia,Menit Goldia,Menet Goldia,Meinit Goldiya Woreda,meinit goldeya,meinit goldiya,meni goldia ,menit goldia,menet goldia,,,,,,
SNNPR,Bench maji,Menet Shasha,Menit Shasha,Menet Shasha,Meinit Shasha Woreda,meinit shasha,menet shasha,,,,,,,,,
SNNPR,Bench maji,Mizan Aman T,Mizan Aman,Mizan Aman T,Mizan Aman Town Woreda,mizan aman t,mizan aman,mizan aman hospital,,,,,,,,
SNNPR,Bench maji,North Bench,Semen Bench,North Bench,north bench,,,,,,,,,,,
SNNPR,Bench maji,Sheko,Sheko,Sheko,Sheko Woreda,,,,,,,,,,,
SNNPR,Bench maji,Shey Bench,Shey Bench,Shey Bench,Shay Bench Woreda,shey bench,shebench,,,,,,,,,
SNNPR,Bench maji,South Bench,Debub Bench,South Bench,south bench,debub bench,Debub Bench Wored,,,,,,,,,
SNNPR,Bench maji,Surma,Surma,Surma,surma,,,,,,,,,,,
SNNPR,Dawro,Essra,Essera,Essra,Esira Woreda,essera,essra,,,,,,,,,
SNNPR,Dawro,Gena,Gena,Gena,Gena Bosa Woreda,gena-bossa,genabosa,gena,,,,,,,,
SNNPR,Dawro,Loma,Loma,Loma,Loma Woreda,,,,,,,,,,,
SNNPR,Dawro,Maareka,Maareka,Maareka,Mareka Woreda,maraka,maareka,,,,,,,,,
SNNPR,Dawro,Tercha,Tercha,Tercha,Tercha Woreda,tercha town,tercha hospital,tercha,terch town,,,,,,,
SNNPR,Dawro,Tocha,Tocha,Tocha,Tocha Woreda,,,,,,,,,,,
SNNPR,Gamo Gofa,Arba minch Tawon,Arbamnch Town,Arba minch Tawon,arba minch tawon,arba minch hospital,Arba Minch Town Woreda,,,,,,,,,
SNNPR,Gamo Gofa,Arba minch zuria,Arbamnch Zuria,Arba minch zuria,arba minch zuria,arba minch zuriya,Arba Minch Zuriya Woreda( another woreda),arbaminch zuria,,,,,,,,
SNNPR,Gamo Gofa,Bonke,Bonke,Bonke,Bonke Woreda,,,,,,,,,,,
SNNPR,Gamo Gofa,Boreda,Boreda,Boreda,Boreda Woreda,,,,,,,,,,,
SNNPR,Gamo Gofa,Chencha,Chencha,Chencha,chencha hospital,chenicha,Chenicha Woreda,,,,,,,,,
SNNPR,Gamo Gofa,Dara malo,Daramalo,Dara malo,Deramalo Woreda,dara malo,dermalo,,,,,,,,,
SNNPR,Gamo Gofa,Denba Gofa,Denbe Gofa,Denba Gofa,denba gofa,d/gofa,,,,,,,,,,
SNNPR,Gamo Gofa,Dita,Dita,Dita,Dita Woreda,,,,,,,,,,,
SNNPR,Gamo Gofa,Geze Gofa,Gize Gofa,Gamo Gofa Zone,gamo gofa zone,Geze Gofa,Geze Gofa Woreda,gezegofa,g/gofa,,,,,,,
SNNPR,Gamo Gofa,Kemba,Kemba,Kemba,Kemba Woreda,,,,,,,,,,,
SNNPR,Gamo Gofa,Kucha,Kucha,Kucha,Kucha Woreda,,,,,,,,,,,
SNNPR,Gamo Gofa,Melo koza,Melekoza,Melo koza,Melekoza Woreda,melakoza,melo koza,,,,,,,,,
SNNPR,Gamo Gofa,Mirab Abaya,Mirab Abaya,Mirab Abaya,Mirab Abaya Woreda,merab abaya,,,,,,,,,,
SNNPR,Gamo Gofa,Oyda,Oyda,Oyda,oyda,o'yida,,,,,,,,,,
SNNPR,Gamo Gofa,Sawula Tawon,Sawla Town,Sawula Tawon,Sawula Town Woreda,sawula tawon,sawla town,sawla hospital,sawlat,,,,,,,
SNNPR,Gamo Gofa,Uba D/Tsehay,Uba Debretsehay,Uba D Tsehay,Uba Debretsehay Woreda,uba debre tsehay,uba d tsehay,ubaderetsehay,,,,,,,,
SNNPR,Gamo Gofa,Zala,Zala,Zala,Zala Woreda,,,,,,,,,,,
SNNPR,Gedeo,Bulle,Bule,Bulle,Bule Woreda,bulle,,,,,,,,,,
SNNPR,Gedeo,Dilla Town,Dilla Town,Dilla Town,dilla town,Dila City Administrator Woreda,,,,,,,,,,
SNNPR,Gedeo,Dilla Zuria,Dilla Zuria,Dilla Zuria,Dilazuria Woreda,dila zuria,dilla zuria,dilla zurya,,,,,,,,
SNNPR,Gedeo,Gedeb,Gedeb,Gedeb,Gedeb Woreda,,,,,,,,,,,
SNNPR,Gedeo,Kochore,Kochore,Kochore,Kochore Woreda,kochere gedeb,kochere,,,,,,,,,
SNNPR,Gedeo,Wonago,Wonago,Wonago,Wenago Woreda,wonago,,,,,,,,,,
SNNPR,Gedeo,Yirga Cheffe Town,Yirda Chefe,Yirga Cheffe Town,yirgachefe town,yirga cheffe town,yirgacheffe town,,,,,,,,,
SNNPR,Gedeo,Yirga Cheffe woreda,Yirda Chefe woreda,Yirga Cheffe woreda,Yirga Chefe Woreda,yirga chefe,yirgacheffe,yirga cheffe woreda,,,,,,,,
SNNPR,Gurage,Abeshge,Abeshge,Abeshge,Abeshege Woreda,abeshge,abeshige,,,,,,,,,
SNNPR,Gurage,Butajira,Butajira,Butajira,Butajira Town Woreda,butajira hospital,butajira,,,,,,,,,
SNNPR,Gurage,Cheha,Cheha,Cheha,Cheha Woreda,,,,,,,,,,,
SNNPR,Gurage,Endegagn,Endegagn,Endegagn,Enidguagn Woreda,endegagn,,,,,,,,,,
SNNPR,Gurage,Enemor Ener,Enemor Ener,Enemor Ener,Enemor Ener Woreda,enemorna ener,e/ener,,,,,,,,,
SNNPR,Gurage,Ezha,Ezha,Ezha,Ezha Woreda,,,,,,,,,,,
SNNPR,Gurage,Gedebano Gutaze Welene,Gedebano Gutazer Wolene,Gedebano Gutaze Welene,g/g/w,gedebano gutaze welene,gedebano gutazer,gedebano gutazer welene,gedebano gutazer wellene,,,,,,,
SNNPR,Gurage,Geta,Geta,Geta,Geta Woreda,getta,,,,,,,,,,
SNNPR,Gurage,Gumer,Gumer,Gumer,Gumer Woreda,gummer,,,,,,,,,,
SNNPR,Gurage,Kebena,Kebena,Kebena,Kebena Woreda,,,,,,,,,,,
SNNPR,Gurage,Mareko,Mareko,Mareko,Mareqo Woreda,mareko,,,,,,,,,,
SNNPR,Gurage,Meskan,Meskan,Meskan,Meskan Woreda,mesekan,,,,,,,,,,
SNNPR,Gurage,MihurAklil,Mihur Aklil,MihurAklil,Muhur Na Aklil Woreda,muhor na aklil,mihur aklil,mihuraklil,m/aklile,,,,,,,
SNNPR,Gurage,Sodo,Sodo,Sodo,sodo,sodo hospital,sodo cristian hospital,,,,,,,,,
SNNPR,Gurage,Wolikete,Wolkite,Wolikete,Weleikite Town Woreda,welkite town,wolikete,wolkite,,,,,,,,
SNNPR,Hadiya,Anlemo,Analemo,Anlemo,Analemmo Woreda,analimo,anlemo,,,,,,,,,
SNNPR,Hadiya,Duna,Duna,Duna,Duna Woreda,,,,,,,,,,,
SNNPR,Hadiya,East badawacho,East Badewacho,East badawacho,east badawocho,east badewacho,east badawacho,,,,,,,,,
SNNPR,Hadiya,Gibe,Gibe,Gibe,Gibe Woreda,,,,,,,,,,,
SNNPR,Hadiya,Gombora,Gombora,Gombora,Gombora Woreda,gomibora,gobmora,,,,,,,,,
SNNPR,Hadiya,Hossana,Hossana,Hossana,Hosaena Town Woreda,hosaena town,hossana,hossana town,,,,,,,,
SNNPR,Hadiya,Lemo,Lemo,Lemo,Lemmo Woreda,lemo,,,,,,,,,,
SNNPR,Hadiya,Misha,Misha,Misha,Misha Woreda,,,,,,,,,,,
SNNPR,Hadiya,Shashogo,Shashogo,Shashogo,Shashago Woreda,shashogo,shashego,,,,,,,,,
SNNPR,Hadiya,Soro,Soro,Soro,Soro Woreda,,,,,,,,,,,
SNNPR,Hadiya,West Badawacho,West Badewacho,West Badawacho,west badawacho,west badewacho,,,,,,,,,,
SNNPR,Halaba,Halaba,Halaba Woreda,Halaba,Halaba Special Woreda,halaba,halaba sp.woreda,halaba hospital,halaba town,,,,,,,
SNNPR,Halaba,Halaba Qulito,Halaba Town,Halaba Qulito,halaba qulito,,,,,,,,,,,
SNNPR,Hawassa,Hawassa,Hawasa,Hawassa,hawassa city administration,hawassa referal hospital,hawassa sex workers clinic,hawassa sub-city,hawassa youth centre,hawassa,hawasa town,hawassa city,,,,
SNNPR,Hawassa,Tula,Tula,Tula,Tula Woreda,tulla,tula,,,,,,,,,
SNNPR,Kaffa,Adiyo,Adiyo,Adiyo,adiyo,Adiyo Woreda,adiyio,,,,,,,,,
SNNPR,Kaffa,Bita,Bitta,Bita,Bita Woreda,bitta,,,,,,,,,,
SNNPR,Kaffa,Bonga T,Bonga Town,Bonga T,bonga,Bonga Health Center,bonga t,Bonga Town Woreda,,,,,,,,
SNNPR,Kaffa,Chena,Chena,Chena,Chena Woreda,,,,,,,,,,,
SNNPR,Kaffa,Cheta,Cheta,Cheta,Cheta Woreda,,,,,,,,,,,
SNNPR,Kaffa,Decha,Decha,Decha,Decha Woreda,,,,,,,,,,,
SNNPR,Kaffa,Gesha,Gesha,Gesha,Gesha Woreda,gesha deka,,,,,,,,,,
SNNPR,Kaffa,Gewata,Gewata,Gewata,Gewata Woreda,,,,,,,,,,,
SNNPR,Kaffa,Gimbo,Gimbo,Gimbo,Gimbo Woreda,,,,,,,,,,,
SNNPR,Kaffa,Sayelem,Sylem,Sayelem,Sayilem Woreda,sayelem,saylem,,,,,,,,,
SNNPR,Kaffa,Tello,Tello,Tello,tello,telo,,,,,,,,,,
SNNPR,Kembata Tembaro,Angacha,Angacha,Angacha,angacha,angecha,Anigacha Woreda,,,,,,,,,
SNNPR,Kembata Tembaro,Damboya,Damboya,Damboya,damboya,demboya,deniboya,,,,,,,,,
SNNPR,Kembata Tembaro,Doyogena,Doyogena,Doyogena,Doyo Gena Woreda,doyogena,,,,,,,,,,
SNNPR,Kembata Tembaro,Durame T,Durame Town,Durame T,Durame Town Woreda,durame town,durame hospital,durame t,,,,,,,,
SNNPR,Kembata Tembaro,Hadero Tunto,Hedero Tunto,Hadero Tunto,Hadaro Tunito Woreda,hadero tunito,hadero tunto,hadero tunto zuria,,,,,,,,
SNNPR,Kembata Tembaro,kacha B,Kacha bira,kacha B,Kacha Bira Woreda,kacha birra,kacha b,,,,,,,,,
SNNPR,Kembata Tembaro,kedida G,Kedida,kedida G,Kedida Gamela Woreda,kedida g,,,,,,,,,,
SNNPR,Kembata Tembaro,Tembaro,Tembaro,Tembaro,Timbaro Woreda,timbaro,tembaro,,,,,,,,,
SNNPR,Konta,Konta SW,Konta special woreda,Konta SW,ela (konta) sp woreda,konta special town,konta sw,,,,,,,,,
SNNPR,Segen,Alle,Alle,Alle,,alle,,,,,,,,,,
SNNPR,Segen,Amaro,Amaro,Amaro,amaro,amaro,amaro special,Amaro Special Woreda,,,,,,,,
SNNPR,Segen,Buriji,Burji,Buriji,burji,Burji Special Woreda,burgi,buriji,,,,,,,,
SNNPR,Segen,Derashe,Derashe,Derashe,Derashe Special Woreda,derashe,,,,,,,,,,
SNNPR,Segen,Konso,Konso,Konso,Konso Special Woreda,konso,konso,,,,,,,,,
SNNPR,Sheka,ANDRACHA,Andracha,Andracha,Anderacha Woreda,andracha,,,,,,,,,,
SNNPR,Sheka,MASHA TOWN,Masha Town,Masha Town,masha town,masha town admin,,,,,,,,,,
SNNPR,Sheka,MASHA WOR,Masha woreda,Masha Wor,,,,,,,,,,,,
SNNPR,Sheka,TEPPI,Teppi Town,Teppi,Tepi Town Administration Woreda,tepi town admin,teppi,tepi town,,,,,,,,
SNNPR,Sheka,YEKI,Yeki Woreda,Yeki,Yeki Woreda,,,,,,,,,,,
SNNPR,Sidama,A/Chuko,Aleta Chuko,A Chuko,a chuko,a/chuko,aleta cheko,Aleta Chuko Woreda,aleta chuko,,,,,,,
SNNPR,Sidama,A/Wondo,Aleta Wondo,A Wondo,a wondo,a/wondo,aleta wendo ,Aleta Wondo Woreda,,,,,,,,
SNNPR,Sidama,A/Wondo Town,Aleta Wondo Town,A Wondo Town,a wondo town,aleta wendo town,aleta wondo town,,,,,,,,,
SNNPR,Sidama,Arbegona,Arbegona,Arbegona,Arbegona Woreda,,,,,,,,,,,
SNNPR,Sidama,Aroressa,Aroresa,Aroressa,aroressa,Aroresa Woreda,,,,,,,,,,
SNNPR,Sidama,Bensa,Bensa,Bensa,Bensa Woreda,,,,,,,,,,,
SNNPR,Sidama,Bona Z,Bona Zuria,Bona Z,bona zuria,Bona Zuriya Woreda,bona zurya,bona z,bona hospital,,,,,,,
SNNPR,Sidama,Boricha,Boricha,Boricha,Boricha Woreda,,,,,,,,,,,
SNNPR,Sidama,Bursa,Bursa,Bursa,Bursa Woreda,,,,,,,,,,,
SNNPR,Sidama,CHIRE,Chire,CHIRE,Chire Woreda,chere,,,,,,,,,,
SNNPR,Sidama,Dale,Dale,Dale,Dale Woreda,,,,,,,,,,,
SNNPR,Sidama,Dara,Dara,Dara,Dara Woreda,,,,,,,,,,,
SNNPR,Sidama,Gorche,Gorche,Gorche,Gorche Woreda,gorecha,,,,,,,,,,
SNNPR,Sidama,Hawassa Z,Hawasa Zuria,Hawassa Z,hawassa z,hawassa zu.,hawassa zuria,Hawasa Zuria Woreda,hawasa zuria,hawasa zuriya,,,,,,
SNNPR,Sidama,Hula,Hula,Hula,Hula Woreda,huka halu,,,,,,,,,,
SNNPR,Sidama,Loka,Loka,Loka,Loko Abaya Woreda,loka,loka -abaya,loko abeya,,,,,,,,
SNNPR,Sidama,Melga,Malga,Melga,Malga Woreda,malega,melga,,,,,,,,,
SNNPR,Sidama,Shebedino,Shebedino,Shebedino,Shebedino Woreda,,,,,,,,,,,
SNNPR,Sidama,W/Genet,Wondo Genet,W Genet,Wendo Genet Woreda,wendo,w genet,,,,,,,,,
SNNPR,Sidama,Wonsho,Wonsho,Wonsho,Wensho Woreda,wonsho,,,,,,,,,,
SNNPR,Sidama,Y/Alem Town,Yirgalem Town,y alem town,,,,,,,,,,,,
SNNPR,Silte,Alicho,Alicha Wuriro,Alicho,alicho wuriro,Alicho Woriro Woreda,alicho werero,alicho,,,,,,,,
SNNPR,Silte,Dalocha,Dalocha,Dalocha,Dalocha Woreda,,,,,,,,,,,
SNNPR,Silte,East Azernet Berebere,East Azernet Berbere,East Azernet Berebere,east azerenet berbere,east azernet berbery,east azernet berebere,,,,,,,,,
SNNPR,Silte,Hulbarag,Hubareg,Hulbarag,Hulbareg Woreda,hulbarag,hulbareg,hulbarg,,,,,,,,
SNNPR,Silte,Lanfuro,Lanfuro,Lanfuro,Lanifaro Woreda,lanforo,lanfuro,,,,,,,,,
SNNPR,Silte,Sankura,Sankura,Sankura,Sankura Woreda,,,,,,,,,,,
SNNPR,Silte,Silti,Silti,Silti,Siltie Woreda,silti,selti,,,,,,,,,
SNNPR,Silte,W/A/t Berbere,West Azernet Berbere,W A t Berbere,w a t berbere,,,,,,,,,,,
SNNPR,Silte,Worabe,Worabe Town,Worabe,Worabe Town Woreda,worabe,woraba town admin,werabie hospital,werabie town,,,,,,,
SNNPR,South Omo,Bena tsemay,Bena Tsemay,Bena tsemay,Bena Tsemay Woreda,benatsemay,,,,,,,,,,
SNNPR,South Omo,Dasenech,Dasenech,Dasenech,Dasenech Woreda,,,,,,,,,,,
SNNPR,South Omo,Hamer,Hamer,Hamer,Hamer Woreda,hammer,,,,,,,,,,
SNNPR,South Omo,Jinka T,Jinka Town,Jinka T,Jinka Woreda,jinka zonal hospital,jinka town admin,jinka t,jinka town,,,,,,,
SNNPR,South Omo,Malle,Malle,Malle,Male Woreda,maale,malle,,,,,,,,,
SNNPR,South Omo,Ngangatom,Gnangatom,Ngangatom,nyangatom,ngangatom,,,,,,,,,,
SNNPR,South Omo,North Ari,North Ari,North Ari,north ari,north ari,north aari,,,,,,,,,
SNNPR,South Omo,Salamago,Salamago,Salamago,Salamago Woreda,salamago,,,,,,,,,,
SNNPR,South Omo,South Ari,South Ari,South Ari,south aari,south ari,debub,debub ari,,,,,,,,
SNNPR,Wolayta,Areka,Areka,Areka,Araka Town Administration Woreda,areka,areka town,,,,,,,,,
SNNPR,Wolayta,Boditi town,Boditi,Boditi Town,boditi town,bodity town,Bodity Town Administration Woreda,,,,,,,,,
SNNPR,Wolayta,Boloso Bombe,Boloso Bombe,Boloso Bombe,boloso bombe,boloso bonibe,bolosso bombe,Bolosso Bombe Woreda,,,,,,,,
SNNPR,Wolayta,Boloso Sore,Boloso Sore,Boloso Sore,boloso sore,Boloso Sore Woreda,,,,,,,,,,
SNNPR,Wolayta,Damot gale,Damot Gale,Damot Gale,Damot Gale Woreda,,,,,,,,,,,
SNNPR,Wolayta,Damot Pulassa,Damot Pullasa,Damot Pulassa,Damot Pulasa Woreda,damot pulassa,damot pullassa,,,,,,,,,
SNNPR,Wolayta,DAMOT SORE,Damot Sore,Damot Sore,Damot Sore Woreda,,,,,,,,,,,
SNNPR,Wolayta,Damot Woyde,Damot Woyde,Damot Woyde,Damot Woyide Woreda,damot woyde,,,,,,,,,,
SNNPR,Wolayta,DUGUNA FANGO,Duguna Fango,Duguna Fango,Duguna Fanigo Woreda,duguna fango,diguna fango,,,,,,,,,
SNNPR,Wolayta,Humbo,Humbo,Humbo,Humbo Woreda,,,,,,,,,,,
SNNPR,Wolayta,Kindo Didaye,Kindo Didaye,Kindo Didaye,Kindo Didaye Woreda,,,,,,,,,,,
SNNPR,Wolayta,KINDO KOISHA,Kindo Koysha,Kindo Koisha,Kindo Koyisha Woreda,kindo koysha,kindo koisha,,,,,,,,,
SNNPR,Wolayta,OFFA,Offa,Offa,Ofa Woreda,offa,,,,,,,,,,
SNNPR,Wolayta,Sodo town,Sodo Town,Sodo Town,Sodo Town Woreda,Sodo Woreda,soddo town,,,,,,,,,
SNNPR,Wolayta,Sodo zuria,Sodo Zuria,Sodo Zuria,Sodo Zuriya Woreda,sodo zuria,soddo zuria,,,,,,,,,
SNNPR,Yem,Yem,Yem Special Woreda,yem,yem sepecial woreda,yem special,yem special town,yem special woreda,,,,,,,,
SOMALI,,Adadle,Adadle,Adadle,Adadle Woreda,,,,,,,,,,,
SOMALI,,Afdem,Afdem,Afdem,afdam,Afdam Woreda,,,,,,,,,,
SOMALI,,ararso,Ararso,ararso,Ararso Woreda,ararso,,,,,,,,,,
SOMALI,,Aware,Aware,Aware,Aware Woreda,,,,,,,,,,,
SOMALI,,Awbare,Awbarre,Awbare,awbare,awubere,Awubere Woreda,,,,,,,,,
SOMALI,,Aysha,Aysha,Aysha,ayisha,Ayisha Woreda,ayshia,,,,,,,,,
SOMALI,,Babile,Babili,Babile,Babile Woreda,,,,,,,,,,,
SOMALI,,Barey,Bare,Barey,bare,Bare Woreda,,,,,,,,,,
SOMALI,,Bercano,Ber’ano,Bercano,bercano,Beranod Woreda,berano,berocano,,,,,,,,
SOMALI,,Birqod,Birkot,Birqod,birkod,birqod,Birqod Woreda,barquod,,,,,,,,
SOMALI,,Bokh,Bokh,Bokh,Bokh Woreda,,,,,,,,,,,
SOMALI,,Celkari,Elkari,Celkari,ceelkare,celkari,elkare,elkere,Serer_elkere woreda,,,,,,,
SOMALI,,Celwayne,Elwayne,Celwayne,cel wayne,celwayne,,,,,,,,,,
SOMALI,,Charati,Jarati,Charati,charati,chereti,chereti/weyib,weyib chereti woreda,Jarar Woreda,,,,,,,
SOMALI,,Dagah Bur,Degaha Bur,Dagah Bur,dagah bur,dagahbur rural,dehabur town,,,,,,,,,
SOMALI,,Dagah Bur City,Degahabur City,Dagah Bur City,dagah bur city,dagahbur councile,dagahbur hospital,,,,,,,,,
SOMALI,,Dagah Madow,Degahmadow,Dagah Madow,Dhagamadow Woreda,dagah madow,,,,,,,,,,
SOMALI,,Dambal,Dembal,Dambal,dambal,Denbel Woreda,denbel,,,,,,,,,
SOMALI,,Danan,Denan,Danan,Danan Woreda,denan,dhanan,,,,,,,,,
SOMALI,,Danot,Danot,Danot,Danot Woreda,danod,,,,,,,,,,
SOMALI,,Daratole,Daratole,Daratole,daratole,Daratole Woreda,,,,,,,,,,
SOMALI,,Daror,Daror,Daror,Daroor Woreda,daror,,,,,,,,,,
SOMALI,,Dhekasuftu,Dekasufti,Dhekasuftu,dhagasoftu,dhekasuftu,deka suftu,deksuftu woreda,,,,,,,,
SOMALI,,Dobowayn,Dobawayn,Dobowayn,Debewoin Woreda,debewoin,dobowayn,,,,,,,,,
SOMALI,,Doloado,Dolloado,Doloado,Dolo Odo Woreda,doloado,,,,,,,,,,
SOMALI,,Dolobay,Dollobay,Dolobay,Dolobay Woreda,dolobay,,,,,,,,,,
SOMALI,,Duhun,Duhun,Duhun,Dhuhun Woreda,dhuhun,,,,,,,,,,
SOMALI,,East Imey,East Imay,East Imey,East Emi Woreda,east emi,east imey,east ime,,,,,,,,
SOMALI,,Erer,Erer,Erer,Erer Woreda,erer,,,,,,,,,,
SOMALI,,Ferefer,Ferfer,Ferefer,Ferfer Woreda,ferefer,,,,,,,,,,
SOMALI,,Fiik,Fik,Fiik,fiik,fik,fik hospital,Nogob Woreda,,,,,,,,
SOMALI,,Filtu,Filtu,Filtu,Filtu Woreda,filtu hospital,,,,,,,,,,
SOMALI,,G/bakiksa,G bakiksa,g bakiksa,gura bekeksa woreda,,,,,,,,,,,
SOMALI,,G/Damaole,G Damaole,Gura Damole Woreda,gura damole,gura dhamole,g damaole,,,,,,,,,
SOMALI,,Galadi,Galadi,Galadi Woreda,galadin,,,,,,,,,,,
SOMALI,,Garbo,Garbo,Garbo Woreda,,,,,,,,,,,,
SOMALI,,Gashamo,Gashamo,Gashamo Woreda,,,,,,,,,,,,
SOMALI,,Gode,Gode,Gode Woreda,gode,gode woreda,,,,,,,,,,
SOMALI,,Gode City,Gorabakaksa,Gode City,gode city,gode town,godey hospital,godey council,godey rural,,,,,,,
SOMALI,,Goljono,Goljono,Goljano Woreda,goljano,goljono,,,,,,,,,,
SOMALI,,Gunagado,Guradamole,Gunagado,Gunagado Woreda,,,,,,,,,,,
SOMALI,,Gursum,Gursum,Gursum,Gursum Woreda,,,,,,,,,,,
SOMALI,,Hadigala,Hadigala,Hadigala,Hadigala Woreda,hadhagala,hadhagale,hadigala,,,,,,,,
SOMALI,,Hamaro,Hamaro,Hamaro,Hamaro Woreda,,,,,,,,,,,
SOMALI,,Hargale,Hargelle,Hargale,Hargelle Woreda,hargelle,hargale,hargele hospital,,,,,,,,
SOMALI,,harshin,Harshin,harshin,Harshin Woreda,harshim,,,,,,,,,,
SOMALI,,Hudhet,Hudet,Hudhet,Hudet Woreda,hudet,hudhet,hadnet,,,,,,,,
SOMALI,,Jigjiga,Jigjiga Zuria,Jigjiga,Jijiga Woreda,jijiga rural,jigjiga,jijiga woreda,jijiga zuria,,,,,,,
SOMALI,,jigjiga city,Jigjiga City,jigjiga city,jigjiga city,jijiga council,jijiga town,,,,,,,,,
SOMALI,,Kabri Bayah,Kabribayah,Kabri Bayah,Kebri Beyah Woreda,kebri beyah,kebribeyah,kabri bayah,kabriibeyah,,,,,,,
SOMALI,,Kabri dahar,Kabridahar,Kabri dahar,Kebridehar Woreda,kabri dahar,kebridehar,kebridehar,kebridahar,kabridahar rural,kabridahar rural,,,,,
SOMALI,,Kabri dahar City,Kabridahar City,Kabri dahar City,kabri dahar city,kabridahar hospital,kebridehar city,kebridehar town,,,,,,,,
SOMALI,,Kalafo,Kelafo,Kalafo,Kalafo Woreda,kelafo,,,,,,,,,,
SOMALI,,Lagahida,Lagahida,Lagahida,Lagahida Woreda,lagahida,,,,,,,,,,
SOMALI,,Marsin,Marsin,Marsin,Marsin Woreda,marsin,,,,,,,,,,
SOMALI,,Meiso,Meiso,Meiso,Maiso Woreda,,,,,,,,,,,
SOMALI,,Moyale,Moyale,Moyale,Moyale Woreda,moyale hospital,moyale,,,,,,,,,
SOMALI,,Mubarak,Mubarak,Mubarak,Mubarak Woreda,mubarek,mubarak,,,,,,,,,
SOMALI,,Mustahil,Mustahil,Mustahil,Mustahil Woreda,mustehil,,,,,,,,,,
SOMALI,,Muyumuluko,Mayamuluko,Muyumuluko,Mayo Muluko Woreda,mayamuluqo,mayamulku,muyumuluko,,,,,,,,
SOMALI,,Qarsadule,Karsadula,Qarsadule,Qarsadula Woreda,qarsadule,,,,,,,,,,
SOMALI,,Qubbi,Kubi,Qubbi,Qubi Woreda,qubbi,qubi,,,,,,,,,
SOMALI,,Raso,Raso,Raso,Raso Woreda,raso,rarso,,,,,,,,,
SOMALI,,Sagag,Sagag,Sagag,Sagag Woreda,,,,,,,,,,,
SOMALI,,Salahaad,Salahad,Salahaad,Salahad Woreda,salahaad,,,,,,,,,,
SOMALI,,Shaygosh,Shekosh,Shaygosh,Shaykosh Woreda,shaykosh,,,,,,,,,,
SOMALI,,Shilabo,Shilabo,Shilabo,Shilabo Woreda,,,,,,,,,,,
SOMALI,,Shinle,Shinile,Shinle,Shinile Woreda,shinle,,,,,,,,,,
SOMALI,,Tulli Guled,Tuli Guled,Tulli Guled,Tuliguled Woreda,tulli guled,tuli guuleed,tuliguled,,,,,,,,
SOMALI,,Warder,Warder,Warder,warder hospital,,,,,,,,,,,
SOMALI,,West Imey,West Imay,West Imey,West Emi Woreda,west emi,west emay,west imey,west imay,west ime,,,,,,
SOMALI,,yoacale,Yo’ale,yoacale,Yoale Woreda,yoacale,yocale,,,,,,,,,
Tigray,,A/Tsembila,Adiyabo Tsembila,A/Tsembila,a/tsembila,Asegede tsimbila woreda,,,,,,,,,,
Tigray,,Abi Adi Town,Abi Adi Town,Abi Adi Town,abi adi,abi adi town,Abiyi Adi Town Woreda,,,,,,,,,
Tigray,,Adigrat,Adigrat,Adigrat,adigrat,adigrat town,Adigirat Town Woreda,,,,,,,,,
Tigray,,Adwa Rural,Adwa Rural,Adwa Rural,adwa rural,Adwa Woreda,,,,,,,,,,
Tigray,,Adwa Town,Adwa Town,Adwa Town,Adwa Town Woreda,,,,,,,,,,,
Tigray,,Ahferom,Ahferom,Ahferom,ahferom,Ahiferom Woreda,,,,,,,,,,
Tigray,,Alamata Town,Alamata Town,Alamata Town,alamata geter,Alamata Town Woreda,,,,,,,,,,
Tigray,,Atsbi,Atsbi Wenberta,Atsbi ( womberta),atsbi (womberta),Atsbi Wonberta Woreda,atsibi wonberta,,,,,,,,,
Tigray,,Axum Town,Axum Town,Axum Town,axum town,Axum Town Woreda,,,,,,,,,,
Tigray,,D/Tembein,D/Tembein,D/Tembein,d/tembein,dega temben( found in other region ..Tigray),Degua Temben Woreda  found in other region ..Tigray),degua temben woreda,Degua temben woreda,,,,,,,
Tigray,,E/Slasie,Enda Slasie,E/Slasie,e/slasie,Shire enida silase town woreda,,,,,,,,,,
Tigray,,Emba Alaje,Emba Alaje,Emba Alaje,Emba Alaje Woreda,emba alaje,,,,,,,,,,
Tigray,,Endamokoni,Endamokoni,Endamokoni,Endamehoni Woreda,enda mohoni,endamokoni,endamehoni,,,,,,,,
Tigray,,Enderta,Enderta,Enderta,Enderta Woreda,,,,,,,,,,,
Tigray,,Erob,Erob,Erob,Erop Woreda,erob,,,,,,,,,,
Tigray,,G/afeshum,Ganta afeshum,G/afeshum,Ganta Afeshum Woreda,g/afeshum,,,,,,,,,,
Tigray,,Gulomekeda,Gulomekeda,Gulomekeda,Gulo Meheda Woreda,gulomekeda,,,,,,,,,,
Tigray,,H/Wajrat,Hintalo Wajirat,H/Wajrat,h/wajrat,hintalo wajirat woreda,,,,,,,,,,
Tigray,,Hawuzean,Hawezean,Hawuzean,Hawzen Woreda,hawuzean,hawuzen,hawzien,,,,,,,,
Tigray,,K/awelaelo,Kilte awelaelo,K/awelaelo,k/awelaelo,Klite awlalo woreda,,,,,,,,,,
Tigray,,K/Humera,Kafta Humera,K/Humera,Kafta Humera Woreda,kafta humera,k/humera,Humera town woreda,,,,,,,,
Tigray,,Kola Tembein,Kola Tembein,Kola Tembein,Kola Temben Woreda,kola tembein,,,,,,,,,,
Tigray,,Korem Town,Korem Town,Korem Town,Korem Town Woreda,,,,,,,,,,,
Tigray,,L/Adiabo,Lealay Adiabo,L/Adiabo,Laelay Adiabo Woreda,l/adiabo,laelay adiyabo,laelay adyabo,,,,,,,,
Tigray,,Laelay Maichew,Laelay Maichew,Laelay Maichew,Lailay Mayichew Woreda,lailay mayichew,laelay maichew,laelay maychew,,,,,,,,
Tigray,,M/zana,Medbay Zana,M/zana,m/zana,medebay zana woreda,,,,,,,,,,
Tigray,,Maichew Town,Maichew Town,Maichew Town,Maychew Town Woreda,maichew town,,,,,,,,,,
Tigray,,Mekele,Mekele,Mekele,Mekelle Woreda,mekele town,mekele,mekelle youth center,mekelle,,,,,,,
Tigray,,Quha woreda,,,,,,,,,,,,,,
Tigray,,Ayder woreda,,,,,,,,,,,,,,
Tigray,,Semen woreda,,,,,,,,,,,,,,
Tigray,,Hadent Woreda,,,,,,,,,,,,,,
Tigray,,Haweliti woreda,,,,,,,,,,,,,,
Tigray,,Qdemay woyan woreda,,,,,,,,,,,,,,
Tigray,,Mereb Leke,Mereb Leke,Mereb Leke,Mereb Leha Woreda,mereb lehe,mereb leke,,,,,,,,,
Tigray,,Naeder Adet,Naeder Adet,Naeder Adet,Nader Adet Woreda,naeder adet,,,,,,,,,,
Tigray,,Ofla,Ofla,Ofla Woreda,,,,,,,,,,,,
Tigray,,Raya Alamta,Raya Alamta,Raya Alamta,Raya Alamata Woreda,raya alamta,,,,,,,,,,
Tigray,,Raya Azebo,Raya Azebo,Raya Azebo,Raya Azebo Woreda,raya azebo,,,,,,,,,,
Tigray,,S/Samre,Shaharti Samre,S/Samre,s/samre,saharti samre,sahrti-samre,samre saharati,seharti samre woreda,,,,,,,
Tigray,,Saesie Tsaeda Emba,Saesie Tsaeda Emba,Saesie Tsaeda Emba,Saesi Tsadamba Woreda,saesietsaeda emba,saesie tsaeda emba,,,,,,,,,
Tigray,,Setit Humera,Setit Humera,Setit Humera,setit humera,,,,,,,,,,,
Tigray,,Shraro,Shraro,Shraro,Shiraro Town Woreda,sheraro,shraro,,,,,,,,,
Tigray,,T/Adiabo,Tahtay Adiabo,T/Adiabo,Tahitay Adiyabo Woreda,t/adiabo,tahtay adiyabo,tahtay adiabo,,,,,,,,
Tigray,,T/Koraro,Tahtay Koraro,T/Koraro,Tahitay Koraro Woreda,tahitay koraro,t/koraro,tahtay koraro,,,,,,,,
Tigray,,Tahtay Maichew,Tahtay Maichew,Tahtay Maichew,Tahitay Maychew Woreda,tahtay maichew,tahtay maychew,,,,,,,,,
Tigray,,Tanqua Abergele,Tanqa Abergele,Tanqua Abergele,Tanqua Abergele Woreda,,,,,,,,,,,
Tigray,,Tsegedie,Tsegedie,Tsegedie,Tsegede Woreda,tsegedie,,,,,,,,,,
Tigray,,Tselemti,Tselemti,Tselemti,Tselemt Woreda,tselemti,,,,,,,,,,
Tigray,,Werie Leke,Werie Leke,Werie Leke,Wereilehi Woreda,were lehe,werie leke,werileke,,,,,,,,
Tigray,,Wolkait,Wolkait,Wolkait,Welkayit Woreda,welkayit,wolkait,,,,,,,,,
Tigray,,Wukro,Wukro,Wukro,wukro,wukro town,Wekero town woreda,,,,,,,,,
